:ID,:LABEL,number
PHN-00001594,Phone,PHN-00001594
PHN-00002468,Phone,PHN-00002468
PHN-00004117,Phone,PHN-00004117
PHN-00000983,Phone,PHN-00000983
PHN-00003571,Phone,PHN-00003571
PHN-00004091,Phone,PHN-00004091
PHN-00003561,Phone,PHN-00003561
PHN-00003150,Phone,PHN-00003150
PHN-00002448,Phone,PHN-00002448
PHN-00000258,Phone,PHN-00000258
PHN-00003146,Phone,PHN-00003146
PHN-00002865,Phone,PHN-00002865
PHN-00001816,Phone,PHN-00001816
PHN-00000603,Phone,PHN-00000603
PHN-00001110,Phone,PHN-00001110
PHN-00003025,Phone,PHN-00003025
PHN-00001429,Phone,PHN-00001429
PHN-00003180,Phone,PHN-00003180
PHN-00003619,Phone,PHN-00003619
PHN-00000532,Phone,PHN-00000532
PHN-00000776,Phone,PHN-00000776
PHN-00000553,Phone,PHN-00000553
PHN-00002586,Phone,PHN-00002586
PHN-00001534,Phone,PHN-00001534
PHN-00004083,Phone,PHN-00004083
PHN-00004129,Phone,PHN-00004129
PHN-00001669,Phone,PHN-00001669
PHN-00004071,Phone,PHN-00004071
PHN-00001398,Phone,PHN-00001398
PHN-00000268,Phone,PHN-00000268
PHN-00000677,Phone,PHN-00000677
PHN-00004101,Phone,PHN-00004101
PHN-00000212,Phone,PHN-00000212
PHN-00000701,Phone,PHN-00000701
PHN-00000500,Phone,PHN-00000500
PHN-00003689,Phone,PHN-00003689
PHN-00002610,Phone,PHN-00002610
PHN-00004094,Phone,PHN-00004094
PHN-00002237,Phone,PHN-00002237
PHN-00000230,Phone,PHN-00000230
PHN-00003660,Phone,PHN-00003660
PHN-00004124,Phone,PHN-00004124
PHN-00003595,Phone,PHN-00003595
PHN-00003217,Phone,PHN-00003217
PHN-00000175,Phone,PHN-00000175
PHN-00003845,Phone,PHN-00003845
PHN-00004133,Phone,PHN-00004133
PHN-00004067,Phone,PHN-00004067
PHN-00000935,Phone,PHN-00000935
PHN-00000887,Phone,PHN-00000887
PHN-00003234,Phone,PHN-00003234
PHN-00004127,Phone,PHN-00004127
PHN-00001194,Phone,PHN-00001194
PHN-00002519,Phone,PHN-00002519
PHN-00002077,Phone,PHN-00002077
PHN-00003775,Phone,PHN-00003775
PHN-00004132,Phone,PHN-00004132
PHN-00002862,Phone,PHN-00002862
PHN-00000135,Phone,PHN-00000135
PHN-00003522,Phone,PHN-00003522
PHN-00001399,Phone,PHN-00001399
PHN-00004114,Phone,PHN-00004114
PHN-00002384,Phone,PHN-00002384
PHN-00004126,Phone,PHN-00004126
PHN-00002013,Phone,PHN-00002013
PHN-00000667,Phone,PHN-00000667
PHN-00004110,Phone,PHN-00004110
PHN-00000322,Phone,PHN-00000322
PHN-00001114,Phone,PHN-00001114
PHN-00000090,Phone,PHN-00000090
PHN-00004089,Phone,PHN-00004089
PHN-00002257,Phone,PHN-00002257
PHN-00002944,Phone,PHN-00002944
PHN-00002465,Phone,PHN-00002465
PHN-00002587,Phone,PHN-00002587
PHN-00003245,Phone,PHN-00003245
PHN-00004063,Phone,PHN-00004063
PHN-00003463,Phone,PHN-00003463
PHN-00002192,Phone,PHN-00002192
PHN-00002574,Phone,PHN-00002574
PHN-00004061,Phone,PHN-00004061
PHN-00003874,Phone,PHN-00003874
PHN-00003932,Phone,PHN-00003932
PHN-00003290,Phone,PHN-00003290
PHN-00002856,Phone,PHN-00002856
PHN-00001700,Phone,PHN-00001700
PHN-00004072,Phone,PHN-00004072
PHN-00004079,Phone,PHN-00004079
PHN-00001335,Phone,PHN-00001335
PHN-00004090,Phone,PHN-00004090
PHN-00003947,Phone,PHN-00003947
PHN-00003108,Phone,PHN-00003108
PHN-00001267,Phone,PHN-00001267
PHN-00004130,Phone,PHN-00004130
PHN-00000160,Phone,PHN-00000160
PHN-00001253,Phone,PHN-00001253
PHN-00004113,Phone,PHN-00004113
PHN-00002427,Phone,PHN-00002427
PHN-00000347,Phone,PHN-00000347
PHN-00000335,Phone,PHN-00000335
PHN-00002425,Phone,PHN-00002425
PHN-00002095,Phone,PHN-00002095
PHN-00002927,Phone,PHN-00002927
PHN-00000346,Phone,PHN-00000346
PHN-00004096,Phone,PHN-00004096
PHN-00004105,Phone,PHN-00004105
PHN-00004088,Phone,PHN-00004088
PHN-00002101,Phone,PHN-00002101
PHN-00001871,Phone,PHN-00001871
PHN-00003513,Phone,PHN-00003513
PHN-00004093,Phone,PHN-00004093
PHN-00002325,Phone,PHN-00002325
PHN-00002037,Phone,PHN-00002037
PHN-00004065,Phone,PHN-00004065
PHN-00001016,Phone,PHN-00001016
PHN-00003085,Phone,PHN-00003085
PHN-00004060,Phone,PHN-00004060
PHN-00004078,Phone,PHN-00004078
PHN-00002726,Phone,PHN-00002726
PHN-00004064,Phone,PHN-00004064
PHN-00003856,Phone,PHN-00003856
PHN-00002235,Phone,PHN-00002235
PHN-00001028,Phone,PHN-00001028
PHN-00001673,Phone,PHN-00001673
PHN-00002801,Phone,PHN-00002801
PHN-00002054,Phone,PHN-00002054
PHN-00001279,Phone,PHN-00001279
PHN-00004075,Phone,PHN-00004075
PHN-00000089,Phone,PHN-00000089
PHN-00003229,Phone,PHN-00003229
PHN-00004081,Phone,PHN-00004081
PHN-00002776,Phone,PHN-00002776
PHN-00003798,Phone,PHN-00003798
PHN-00004115,Phone,PHN-00004115
PHN-00001179,Phone,PHN-00001179
PHN-00003795,Phone,PHN-00003795
PHN-00004082,Phone,PHN-00004082
PHN-00003841,Phone,PHN-00003841
PHN-00000314,Phone,PHN-00000314
PHN-00004010,Phone,PHN-00004010
PHN-00003177,Phone,PHN-00003177
PHN-00004070,Phone,PHN-00004070
PHN-00004059,Phone,PHN-00004059
PHN-00001711,Phone,PHN-00001711
PHN-00003418,Phone,PHN-00003418
PHN-00004058,Phone,PHN-00004058
PHN-00000110,Phone,PHN-00000110
PHN-00000580,Phone,PHN-00000580
PHN-00002923,Phone,PHN-00002923
PHN-00001395,Phone,PHN-00001395
PHN-00000658,Phone,PHN-00000658
PHN-00004122,Phone,PHN-00004122
PHN-00002209,Phone,PHN-00002209
PHN-00004087,Phone,PHN-00004087
PHN-00000585,Phone,PHN-00000585
PHN-00001246,Phone,PHN-00001246
PHN-00001248,Phone,PHN-00001248
PHN-00000306,Phone,PHN-00000306
PHN-00001397,Phone,PHN-00001397
PHN-00004099,Phone,PHN-00004099
PHN-00003353,Phone,PHN-00003353
PHN-00003113,Phone,PHN-00003113
PHN-00000265,Phone,PHN-00000265
PHN-00000594,Phone,PHN-00000594
PHN-00003102,Phone,PHN-00003102
PHN-00000733,Phone,PHN-00000733
PHN-00004068,Phone,PHN-00004068
PHN-00002014,Phone,PHN-00002014
