log_id,anpr_id,vehicle_id,plate_read,timestamp,speed_kmh
ALOG-00000000,ANPR-1233,VEH-00000585,KA 19 A 561B,2021-01-01T19:22:00,49.0
ALOG-00000001,ANPR-1233,VEH-00000585,KA 19 A 5616,2021-01-01T19:27:00,34.3
ALOG-00000002,ANPR-1233,VEH-00000585,KA 19 A 5616,2021-01-01T19:32:00,22.6
ALOG-00000003,ANPR-1233,VEH-00000585,KA 19 A 5616,2021-01-01T19:37:00,37.6
ALOG-00000004,ANPR-1233,VEH-00000585,KA 19 A 5616,2021-01-01T19:42:00,48.0
ALOG-00000005,ANPR-1233,VEH-00000585,KA 19 A 5616,2021-01-01T19:47:00,33.5
ALOG-00000006,ANPR-1233,VEH-00000585,KA 19 A 5616,2021-01-01T19:52:00,50.7
ALOG-00000007,ANPR-1233,VEH-00000585,KA 19 A 5616,2021-01-01T19:57:00,59.3
ALOG-00000008,ANPR-1233,VEH-00000585,KA 19 A 5616,2021-01-01T20:02:00,34.9
ALOG-00000009,ANPR-1233,VEH-00000585,KA 19 A 5616,2021-01-01T20:07:00,32.4
ALOG-00000010,ANPR-0328,VEH-00001580,KA 28 C 2936,2021-01-02T08:48:00,21.3
ALOG-00000011,ANPR-0328,VEH-00001580,KA 28 C 2936,2021-01-02T08:53:00,64.8
ALOG-00000012,ANPR-0328,VEH-00001580,KA 28 C 2936,2021-01-02T08:58:00,77.0
ALOG-00000013,ANPR-0328,VEH-00001580,KA 28 C 2936,2021-01-02T09:03:00,48.8
ALOG-00000014,ANPR-0329,VEH-00001580,KA 28 C 2936,2021-01-02T09:33:00,38.9
ALOG-00000015,ANPR-0329,VEH-00001580,KA 28 C 2936,2021-01-02T09:38:00,39.9
ALOG-00000016,ANPR-0329,VEH-00001580,KA 28 C 2936,2021-01-02T09:43:00,32.2
ALOG-00000017,ANPR-0329,VEH-00001580,KA 28 C 2936,2021-01-02T09:48:00,55.5
ALOG-00000018,ANPR-0329,VEH-00001580,KA 28 C 2936,2021-01-02T09:53:00,75.5
ALOG-00000019,ANPR-0329,VEH-00001580,KA 28 C 2936,2021-01-02T09:58:00,55.7
ALOG-00000020,ANPR-0329,VEH-00001580,KA 28 C 293B,2021-01-02T10:03:00,79.6
ALOG-00000021,ANPR-0273,VEH-00001145,KA 04 M 9593,2021-01-09T08:40:00,29.7
ALOG-00000022,ANPR-0273,VEH-00001145,KA 04 M 959B,2021-01-09T08:45:00,21.1
ALOG-00000023,ANPR-0273,VEH-00001145,KA 04 M 9593,2021-01-09T08:50:00,77.3
ALOG-00000024,ANPR-0273,VEH-00001145,KA 04 M 9593,2021-01-09T08:55:00,69.3
ALOG-00000025,ANPR-0273,VEH-00001145,KA 04 M 9593,2021-01-09T09:00:00,35.8
ALOG-00000026,ANPR-0273,VEH-00001145,KA 04 M 9593,2021-01-09T09:05:00,21.1
ALOG-00000027,ANPR-0273,VEH-00001145,KA 04 M 9593,2021-01-09T09:10:00,53.4
ALOG-00000028,ANPR-0273,VEH-00001145,KA 04 M 9593,2021-01-09T09:15:00,71.7
ALOG-00000029,ANPR-0273,VEH-00001145,KA 04 M 9593,2021-01-09T09:20:00,79.7
ALOG-00000030,ANPR-0273,VEH-00001145,KA 04 M 9593,2021-01-09T09:25:00,70.3
ALOG-00000031,ANPR-0273,VEH-00001145,KA 04 M 9593,2021-01-09T09:30:00,70.0
ALOG-00000032,ANPR-0273,VEH-00001145,KA 04 M 9593,2021-01-09T09:35:00,76.0
ALOG-00000033,ANPR-0472,VEH-00000978,KA 27 P 6248,2021-01-15T13:23:00,62.5
ALOG-00000034,ANPR-0473,VEH-00000978,KA 27 P 6248,2021-01-15T13:23:00,55.4
ALOG-00000035,ANPR-0472,VEH-00000978,KA 27 P 6248,2021-01-15T13:28:00,23.1
ALOG-00000036,ANPR-0473,VEH-00000978,KA 27 P 6248,2021-01-15T13:28:00,31.8
ALOG-00000037,ANPR-0472,VEH-00000978,KA 27 P 624A,2021-01-15T13:33:00,71.4
ALOG-00000038,ANPR-0473,VEH-00000978,KA 27 P 6248,2021-01-15T13:33:00,29.1
ALOG-00000039,ANPR-0472,VEH-00000978,KA 27 P 6248,2021-01-15T13:38:00,33.7
ALOG-00000040,ANPR-0473,VEH-00000978,KA 27 P 6248,2021-01-15T13:38:00,73.3
ALOG-00000041,ANPR-0472,VEH-00000978,KA 27 P 6248,2021-01-15T13:43:00,30.1
ALOG-00000042,ANPR-0473,VEH-00000978,KA 27 P 6248,2021-01-15T13:43:00,43.5
ALOG-00000043,ANPR-0472,VEH-00000978,KA 27 P 6248,2021-01-15T13:48:00,71.4
ALOG-00000044,ANPR-0473,VEH-00000978,KA 27 P 6248,2021-01-15T13:48:00,36.0
ALOG-00000045,ANPR-0473,VEH-00000978,KA 27 P 624B,2021-01-15T13:53:00,58.6
ALOG-00000046,ANPR-0473,VEH-00000978,KA 27 P 6248,2021-01-15T13:58:00,49.8
ALOG-00000047,ANPR-0473,VEH-00000978,KA 27 P 6248,2021-01-15T14:03:00,60.4
ALOG-00000048,ANPR-0473,VEH-00000978,KA 27 P 624A,2021-01-15T14:08:00,46.1
ALOG-00000049,ANPR-0473,VEH-00000978,KA 27 P 6248,2021-01-15T14:13:00,32.0
ALOG-00000050,ANPR-0473,VEH-00000978,KA 27 P 6248,2021-01-15T14:18:00,58.0
ALOG-00000051,ANPR-0473,VEH-00000978,KA 27 P 6248,2021-01-15T14:23:00,78.8
ALOG-00000052,ANPR-0473,VEH-00000978,KA 27 P 6248,2021-01-15T14:28:00,54.5
ALOG-00000053,ANPR-1214,VEH-00000240,KA 02 A 4305,2021-01-20T09:19:00,33.9
ALOG-00000054,ANPR-1214,VEH-00000240,KA 02 A 430B,2021-01-20T09:24:00,23.7
ALOG-00000055,ANPR-1214,VEH-00000240,KA 02 A 4305,2021-01-20T09:29:00,41.9
ALOG-00000056,ANPR-1228,VEH-00000240,KA 02 A 4305,2021-01-21T15:15:00,27.6
ALOG-00000057,ANPR-1228,VEH-00000240,KA 02 A 4305,2021-01-21T15:20:00,30.8
ALOG-00000058,ANPR-1228,VEH-00000240,KA 02 A 4305,2021-01-21T15:25:00,57.1
ALOG-00000059,ANPR-1228,VEH-00000240,KA 02 A 4305,2021-01-21T15:30:00,65.4
ALOG-00000060,ANPR-1228,VEH-00000240,KA 02 A 4305,2021-01-21T15:35:00,73.7
ALOG-00000061,ANPR-1228,VEH-00000240,KA 02 A 4305,2021-01-21T15:40:00,74.9
ALOG-00000062,ANPR-1228,VEH-00000240,KA 02 A 4305,2021-01-21T15:45:00,40.1
ALOG-00000063,ANPR-1228,VEH-00000240,KA 02 A 4301,2021-01-21T15:50:00,65.9
ALOG-00000064,ANPR-1228,VEH-00000240,KA 02 A 4305,2021-01-21T15:55:00,69.5
ALOG-00000065,ANPR-1237,VEH-00000240,KA 02 A 4305,2021-01-26T05:02:00,79.1
ALOG-00000066,ANPR-1237,VEH-00000240,KA 02 A 4305,2021-01-26T05:07:00,72.4
ALOG-00000067,ANPR-1237,VEH-00000240,KA 02 A 4305,2021-01-26T05:12:00,57.0
ALOG-00000068,ANPR-1237,VEH-00000240,KA 02 A 4305,2021-01-26T05:17:00,28.5
ALOG-00000069,ANPR-1237,VEH-00000240,KA 02 A 4305,2021-01-26T05:22:00,23.2
ALOG-00000070,ANPR-1237,VEH-00000240,KA 02 A 4305,2021-01-26T05:27:00,30.1
ALOG-00000071,ANPR-1237,VEH-00000240,KA 02 A 4305,2021-01-26T05:32:00,75.7
ALOG-00000072,ANPR-0406,VEH-00000240,KA 02 A 4305,2021-01-26T08:19:00,64.9
ALOG-00000073,ANPR-0406,VEH-00000240,KA 02 A 4305,2021-01-26T08:24:00,55.9
ALOG-00000074,ANPR-0406,VEH-00000240,KA 02 A 4305,2021-01-26T08:29:00,20.9
ALOG-00000075,ANPR-0406,VEH-00000240,KA 02 A 4305,2021-01-26T08:34:00,46.0
ALOG-00000076,ANPR-0406,VEH-00000240,KA 02 A 4305,2021-01-26T08:39:00,36.2
ALOG-00000077,ANPR-0406,VEH-00000240,KA 02 A 4305,2021-01-26T08:44:00,71.2
ALOG-00000078,ANPR-0406,VEH-00000240,KA 02 A 4305,2021-01-26T08:49:00,65.0
ALOG-00000079,ANPR-0406,VEH-00000240,KA 02 A 4305,2021-01-26T08:54:00,71.6
ALOG-00000080,ANPR-1257,VEH-00000240,KA 02 A 4305,2021-01-29T06:05:00,52.9
ALOG-00000081,ANPR-1257,VEH-00000240,KA 02 A 4305,2021-01-29T06:10:00,64.7
ALOG-00000082,ANPR-1256,VEH-00000240,KA 02 A 4305,2021-01-29T06:15:00,59.2
ALOG-00000083,ANPR-1257,VEH-00000240,KA 02 A 4305,2021-01-29T06:15:00,33.5
ALOG-00000084,ANPR-1256,VEH-00000240,KA 02 A 4305,2021-01-29T06:20:00,38.8
ALOG-00000085,ANPR-1257,VEH-00000240,KA 02 A 4305,2021-01-29T06:20:00,66.1
ALOG-00000086,ANPR-1256,VEH-00000240,KA 02 A 4305,2021-01-29T06:25:00,78.9
ALOG-00000087,ANPR-1257,VEH-00000240,KA 02 A 4305,2021-01-29T06:25:00,63.5
ALOG-00000088,ANPR-1256,VEH-00000240,KA 02 A 4305,2021-01-29T06:30:00,45.8
ALOG-00000089,ANPR-1257,VEH-00000240,KA 02 A 4305,2021-01-29T06:30:00,44.8
ALOG-00000090,ANPR-1256,VEH-00000240,KA 02 A 4305,2021-01-29T06:35:00,71.1
ALOG-00000091,ANPR-1233,VEH-00000240,KA 02 A 4301,2021-01-31T05:03:00,53.9
ALOG-00000092,ANPR-1233,VEH-00000240,KA 02 A 4305,2021-01-31T05:08:00,71.7
ALOG-00000093,ANPR-1233,VEH-00000240,KA 02 A 430B,2021-01-31T05:13:00,61.1
ALOG-00000094,ANPR-1233,VEH-00000240,KA 02 A 4305,2021-01-31T05:18:00,78.0
ALOG-00000095,ANPR-1233,VEH-00000240,KA 02 A 4305,2021-01-31T05:23:00,64.0
ALOG-00000096,ANPR-1233,VEH-00000240,KA 02 A 4305,2021-01-31T05:28:00,39.7
ALOG-00000097,ANPR-1233,VEH-00000240,KA 02 A 4305,2021-01-31T05:33:00,77.5
ALOG-00000098,ANPR-1233,VEH-00000240,KA 02 A 4305,2021-01-31T05:38:00,60.3
ALOG-00000099,ANPR-1233,VEH-00000240,KA 02 A 4305,2021-01-31T05:43:00,31.5
ALOG-00000100,ANPR-1233,VEH-00000240,KA 02 A 4305,2021-01-31T05:48:00,52.3
ALOG-00000101,ANPR-1233,VEH-00000240,KA 02 A 4301,2021-01-31T05:53:00,75.9
ALOG-00000102,ANPR-1233,VEH-00000240,KA 02 A 4305,2021-01-31T05:58:00,41.6
ALOG-00000103,ANPR-1233,VEH-00000240,KA 02 A 4305,2021-01-31T06:03:00,66.1
ALOG-00000104,ANPR-1233,VEH-00000240,KA 02 A 4305,2021-01-31T06:08:00,25.7
ALOG-00000105,ANPR-1233,VEH-00000240,KA 02 A 4305,2021-01-31T06:13:00,59.8
ALOG-00000106,ANPR-1233,VEH-00000240,KA 02 A 4305,2021-01-31T06:18:00,78.3
ALOG-00000107,ANPR-1233,VEH-00000240,KA 02 A 4305,2021-01-31T06:23:00,23.0
ALOG-00000108,ANPR-1233,VEH-00000240,KA 02 A 4305,2021-01-31T06:28:00,49.0
ALOG-00000109,ANPR-0424,VEH-00000240,KA 02 A 4305,2021-02-02T05:35:00,77.5
ALOG-00000110,ANPR-0437,VEH-00000240,KA 02 A 4305,2021-02-04T03:31:00,37.9
ALOG-00000111,ANPR-0437,VEH-00000240,KA 02 A 4305,2021-02-04T03:36:00,68.3
ALOG-00000112,ANPR-0437,VEH-00000240,KA 02 A 4305,2021-02-04T03:41:00,75.2
ALOG-00000113,ANPR-0437,VEH-00000240,KA 02 A 4305,2021-02-04T03:46:00,45.2
ALOG-00000114,ANPR-0437,VEH-00000240,KA 02 A 4305,2021-02-04T03:51:00,75.6
ALOG-00000115,ANPR-0437,VEH-00000240,KA 02 A 4305,2021-02-04T03:56:00,24.8
ALOG-00000116,ANPR-0437,VEH-00000240,KA 02 A 4305,2021-02-04T04:01:00,43.4
ALOG-00000117,ANPR-0404,VEH-00000240,KA 02 A 4305,2021-02-05T22:11:00,63.4
ALOG-00000118,ANPR-0404,VEH-00000240,KA 02 A 4305,2021-02-05T22:16:00,52.1
ALOG-00000119,ANPR-0404,VEH-00000240,KA 02 A 4305,2021-02-05T22:21:00,60.5
ALOG-00000120,ANPR-0404,VEH-00000240,KA 02 A 4305,2021-02-05T22:26:00,39.0
ALOG-00000121,ANPR-0404,VEH-00000240,KA 02 A 4301,2021-02-05T22:31:00,75.9
ALOG-00000122,ANPR-0404,VEH-00000240,KA 02 A 4305,2021-02-05T22:36:00,79.7
ALOG-00000123,ANPR-0404,VEH-00000240,KA 02 A 430B,2021-02-05T22:41:00,64.6
ALOG-00000124,ANPR-0404,VEH-00000240,KA 02 A 4305,2021-02-05T22:46:00,23.5
ALOG-00000125,ANPR-0404,VEH-00000240,KA 02 A 4301,2021-02-05T22:51:00,64.0
ALOG-00000126,ANPR-0404,VEH-00000240,KA 02 A 4305,2021-02-05T22:56:00,41.8
ALOG-00000127,ANPR-0447,VEH-00000240,KA 02 A 4305,2021-02-06T22:27:00,78.3
ALOG-00000128,ANPR-0428,VEH-00000240,KA 02 A 4305,2021-02-09T05:23:00,67.5
ALOG-00000129,ANPR-0428,VEH-00000240,KA 02 A 4305,2021-02-09T05:28:00,56.3
ALOG-00000130,ANPR-0428,VEH-00000240,KA 02 A 4305,2021-02-09T05:33:00,34.5
ALOG-00000131,ANPR-0428,VEH-00000240,KA 02 A 4305,2021-02-09T05:38:00,30.2
ALOG-00000132,ANPR-0428,VEH-00000240,KA 02 A 4305,2021-02-09T05:43:00,28.1
ALOG-00000133,ANPR-0428,VEH-00000240,KA 02 A 4305,2021-02-09T05:48:00,69.5
ALOG-00000134,ANPR-0428,VEH-00000240,KA 02 A 4305,2021-02-09T05:53:00,60.9
ALOG-00000135,ANPR-0428,VEH-00000240,KA 02 A 4305,2021-02-09T05:58:00,20.6
ALOG-00000136,ANPR-0428,VEH-00000240,KA 02 A 4305,2021-02-09T06:03:00,47.2
ALOG-00000137,ANPR-0428,VEH-00000240,KA 02 A 4305,2021-02-09T06:08:00,74.0
ALOG-00000138,ANPR-0428,VEH-00000240,KA 02 A 4305,2021-02-09T06:13:00,73.6
ALOG-00000139,ANPR-0428,VEH-00000240,KA 02 A 4305,2021-02-09T06:18:00,53.2
ALOG-00000140,ANPR-0428,VEH-00000240,KA 02 A 4305,2021-02-09T06:23:00,60.6
ALOG-00000141,ANPR-0428,VEH-00000240,KA 02 A 4305,2021-02-09T06:28:00,74.0
ALOG-00000142,ANPR-0428,VEH-00000240,KA 02 A 4305,2021-02-09T06:33:00,35.0
ALOG-00000143,ANPR-0428,VEH-00000240,KA 02 A 4301,2021-02-09T06:38:00,29.0
ALOG-00000144,ANPR-0428,VEH-00000240,KA 02 A 4305,2021-02-09T06:43:00,56.7
ALOG-00000145,ANPR-0428,VEH-00000240,KA 02 A 4305,2021-02-09T06:48:00,21.2
ALOG-00000146,ANPR-0428,VEH-00000240,KA 02 A 4305,2021-02-09T06:53:00,56.5
ALOG-00000147,ANPR-0428,VEH-00000240,KA 02 A 4305,2021-02-09T06:58:00,46.0
ALOG-00000148,ANPR-0428,VEH-00000240,KA 02 A 4305,2021-02-09T07:03:00,42.7
ALOG-00000149,ANPR-0428,VEH-00000240,KA 02 A 4305,2021-02-09T07:08:00,70.3
ALOG-00000150,ANPR-0127,VEH-00000978,KA 27 P 6248,2021-02-10T20:15:00,66.8
ALOG-00000151,ANPR-0127,VEH-00000978,KA 27 P 624A,2021-02-10T20:20:00,27.9
ALOG-00000152,ANPR-0127,VEH-00000978,KA 27 P 6248,2021-02-10T20:25:00,41.8
ALOG-00000153,ANPR-0127,VEH-00000978,KA 27 P 6248,2021-02-10T20:30:00,57.0
ALOG-00000154,ANPR-0127,VEH-00000978,KA 27 P 6248,2021-02-10T21:25:00,68.2
ALOG-00000155,ANPR-0127,VEH-00000978,KA 27 P 6248,2021-02-10T21:30:00,43.6
ALOG-00000156,ANPR-0127,VEH-00000978,KA 27 P 6248,2021-02-10T21:35:00,42.0
ALOG-00000157,ANPR-0127,VEH-00000978,KA 27 P 6248,2021-02-10T21:40:00,77.4
ALOG-00000158,ANPR-0127,VEH-00000978,KA 27 P 6248,2021-02-10T21:45:00,73.4
ALOG-00000159,ANPR-0762,VEH-00000240,KA 02 A 4305,2021-02-12T11:13:00,39.5
ALOG-00000160,ANPR-0762,VEH-00000240,KA 02 A 4305,2021-02-12T11:18:00,67.3
ALOG-00000161,ANPR-0762,VEH-00000240,KA 02 A 4305,2021-02-12T11:23:00,49.8
ALOG-00000162,ANPR-0763,VEH-00000240,KA 02 A 4305,2021-02-12T11:23:00,31.6
ALOG-00000163,ANPR-0762,VEH-00000240,KA 02 A 4305,2021-02-12T11:28:00,37.7
ALOG-00000164,ANPR-0763,VEH-00000240,KA 02 A 4305,2021-02-12T11:28:00,76.0
ALOG-00000165,ANPR-0763,VEH-00000240,KA 02 A 4305,2021-02-12T11:33:00,65.7
ALOG-00000166,ANPR-0763,VEH-00000240,KA 02 A 4305,2021-02-12T11:38:00,57.6
ALOG-00000167,ANPR-0763,VEH-00000240,KA 02 A 4305,2021-02-12T11:43:00,52.0
ALOG-00000168,ANPR-0763,VEH-00000240,KA 02 A 4305,2021-02-12T11:48:00,36.0
ALOG-00000169,ANPR-0763,VEH-00000240,KA 02 A 4305,2021-02-12T11:53:00,53.9
ALOG-00000170,ANPR-0401,VEH-00000240,KA 02 A 4305,2021-02-14T22:05:00,69.6
ALOG-00000171,ANPR-0401,VEH-00000240,KA 02 A 4305,2021-02-14T22:10:00,48.6
ALOG-00000172,ANPR-0402,VEH-00000240,KA 02 A 4305,2021-02-14T22:10:00,76.5
ALOG-00000173,ANPR-0401,VEH-00000240,KA 02 A 4305,2021-02-14T22:15:00,51.0
ALOG-00000174,ANPR-0402,VEH-00000240,KA 02 A 4305,2021-02-14T22:15:00,50.1
ALOG-00000175,ANPR-0401,VEH-00000240,KA 02 A 430B,2021-02-14T22:20:00,66.6
ALOG-00000176,ANPR-0402,VEH-00000240,KA 02 A 4305,2021-02-14T22:20:00,47.9
ALOG-00000177,ANPR-0401,VEH-00000240,KA 02 A 4305,2021-02-14T22:25:00,60.6
ALOG-00000178,ANPR-0401,VEH-00000240,KA 02 A 4305,2021-02-14T22:30:00,24.7
ALOG-00000179,ANPR-0150,VEH-00000978,KA 27 P 6248,2021-02-14T08:32:00,51.1
ALOG-00000180,ANPR-0150,VEH-00000978,KA 27 P 6248,2021-02-14T08:37:00,51.7
ALOG-00000181,ANPR-0149,VEH-00000978,KA 27 P 6248,2021-02-14T08:42:00,73.5
ALOG-00000182,ANPR-0149,VEH-00000978,KA 27 P 6248,2021-02-14T08:47:00,43.3
ALOG-00000183,ANPR-0149,VEH-00000978,KA 27 P 6248,2021-02-14T08:52:00,62.3
ALOG-00000184,ANPR-0149,VEH-00000978,KA 27 P 6248,2021-02-14T08:57:00,61.5
ALOG-00000185,ANPR-0149,VEH-00000978,KA 27 P 6248,2021-02-14T09:02:00,69.9
ALOG-00000186,ANPR-0149,VEH-00000978,KA 27 P 6248,2021-02-14T09:07:00,72.1
ALOG-00000187,ANPR-0425,VEH-00000240,KA 02 A 430B,2021-02-15T04:18:00,22.0
ALOG-00000188,ANPR-0425,VEH-00000240,KA 02 A 4305,2021-02-15T04:23:00,73.5
ALOG-00000189,ANPR-0425,VEH-00000240,KA 02 A 430A,2021-02-15T04:28:00,21.0
ALOG-00000190,ANPR-0425,VEH-00000240,KA 02 A 4305,2021-02-15T04:33:00,62.8
ALOG-00000191,ANPR-0425,VEH-00000240,KA 02 A 4305,2021-02-15T04:38:00,45.3
ALOG-00000192,ANPR-0425,VEH-00000240,KA 02 A 4305,2021-02-15T04:43:00,44.9
ALOG-00000193,ANPR-0785,VEH-00000240,KA 02 A 4305,2021-02-15T14:33:00,40.9
ALOG-00000194,ANPR-0785,VEH-00000240,KA 02 A 4301,2021-02-15T14:38:00,41.7
ALOG-00000195,ANPR-0785,VEH-00000240,KA 02 A 430A,2021-02-15T14:43:00,75.1
ALOG-00000196,ANPR-0785,VEH-00000240,KA 02 A 4305,2021-02-15T14:48:00,34.2
ALOG-00000197,ANPR-0785,VEH-00000240,KA 02 A 4305,2021-02-15T14:53:00,20.0
ALOG-00000198,ANPR-0785,VEH-00000240,KA 02 A 4305,2021-02-15T14:58:00,28.3
ALOG-00000199,ANPR-0785,VEH-00000240,KA 02 A 4305,2021-02-15T15:03:00,53.5
ALOG-00000200,ANPR-0785,VEH-00000240,KA 02 A 4305,2021-02-15T15:08:00,55.1
ALOG-00000201,ANPR-0790,VEH-00000240,KA 02 A 4305,2021-02-17T04:39:00,44.4
ALOG-00000202,ANPR-0761,VEH-00000240,KA 02 A 430A,2021-02-19T06:33:00,45.3
ALOG-00000203,ANPR-0761,VEH-00000240,KA 02 A 4305,2021-02-19T06:38:00,63.3
ALOG-00000204,ANPR-0761,VEH-00000240,KA 02 A 4305,2021-02-19T06:43:00,21.2
ALOG-00000205,ANPR-0761,VEH-00000240,KA 02 A 4305,2021-02-19T06:48:00,37.5
ALOG-00000206,ANPR-0761,VEH-00000240,KA 02 A 4305,2021-02-19T06:53:00,71.5
ALOG-00000207,ANPR-0761,VEH-00000240,KA 02 A 4305,2021-02-19T06:58:00,38.1
ALOG-00000208,ANPR-0761,VEH-00000240,KA 02 A 4305,2021-02-19T07:03:00,57.8
ALOG-00000209,ANPR-0144,VEH-00000978,KA 27 P 6248,2021-02-20T08:40:00,21.5
ALOG-00000210,ANPR-0144,VEH-00000978,KA 27 P 6248,2021-02-20T08:45:00,70.8
ALOG-00000211,ANPR-0144,VEH-00000978,KA 27 P 624A,2021-02-20T08:50:00,45.9
ALOG-00000212,ANPR-0144,VEH-00000978,KA 27 P 6248,2021-02-20T08:55:00,51.2
ALOG-00000213,ANPR-0144,VEH-00000978,KA 27 P 6248,2021-02-20T09:00:00,76.0
ALOG-00000214,ANPR-0144,VEH-00000978,KA 27 P 6248,2021-02-20T09:05:00,57.2
ALOG-00000215,ANPR-0806,VEH-00000240,KA 02 A 4305,2021-02-20T17:52:00,73.4
ALOG-00000216,ANPR-0806,VEH-00000240,KA 02 A 4305,2021-02-20T17:57:00,26.9
ALOG-00000217,ANPR-0806,VEH-00000240,KA 02 A 4305,2021-02-20T18:02:00,45.5
ALOG-00000218,ANPR-0806,VEH-00000240,KA 02 A 4305,2021-02-20T18:07:00,78.4
ALOG-00000219,ANPR-0143,VEH-00000978,KA 27 P 6248,2021-02-24T11:38:00,26.1
ALOG-00000220,ANPR-0143,VEH-00000978,KA 27 P 6248,2021-02-24T11:43:00,20.7
ALOG-00000221,ANPR-0142,VEH-00000978,KA 27 P 6248,2021-02-24T12:08:00,73.2
ALOG-00000222,ANPR-0004,VEH-00001445,KA 09 P 7847,2021-03-07T08:36:00,26.0
ALOG-00000223,ANPR-0004,VEH-00001445,KA 09 P 7847,2021-03-07T08:41:00,73.5
ALOG-00000224,ANPR-0786,VEH-00000359,KA 20 P 2570,2021-03-13T13:18:00,66.4
ALOG-00000225,ANPR-0786,VEH-00000359,KA 20 P 2570,2021-03-13T13:23:00,66.6
ALOG-00000226,ANPR-0786,VEH-00000359,KA 20 P 2570,2021-03-13T13:28:00,48.0
ALOG-00000227,ANPR-0786,VEH-00000359,KA 20 P 2570,2021-03-13T13:33:00,69.5
ALOG-00000228,ANPR-0786,VEH-00000359,KA 20 P 2570,2021-03-13T13:38:00,36.2
ALOG-00000229,ANPR-0786,VEH-00000359,KA 20 P 2570,2021-03-13T13:43:00,33.1
ALOG-00000230,ANPR-0786,VEH-00000359,KA 20 P 2570,2021-03-13T13:48:00,75.3
ALOG-00000231,ANPR-0459,VEH-00000978,KA 27 P 624A,2021-03-15T09:41:00,40.5
ALOG-00000232,ANPR-0026,VEH-00001445,KA 09 P 7847,2021-03-18T09:00:00,51.4
ALOG-00000233,ANPR-0026,VEH-00001445,KA 09 P 7847,2021-03-18T09:05:00,68.1
ALOG-00000234,ANPR-0026,VEH-00001445,KA 09 P 7847,2021-03-18T09:10:00,39.3
ALOG-00000235,ANPR-0026,VEH-00001445,KA 09 P 7847,2021-03-18T09:15:00,29.6
ALOG-00000236,ANPR-0026,VEH-00001445,KA 09 P 7847,2021-03-18T09:20:00,70.9
ALOG-00000237,ANPR-0026,VEH-00001445,KA 09 P 7847,2021-03-18T09:25:00,30.5
ALOG-00000238,ANPR-0026,VEH-00001445,KA 09 P 7847,2021-03-18T09:30:00,69.8
ALOG-00000239,ANPR-0026,VEH-00001445,KA 09 P 7847,2021-03-18T09:35:00,23.6
ALOG-00000240,ANPR-0451,VEH-00000978,KA 27 P 6241,2021-03-21T11:52:00,63.5
ALOG-00000241,ANPR-0451,VEH-00000978,KA 27 P 6248,2021-03-21T11:57:00,65.5
ALOG-00000242,ANPR-0451,VEH-00000978,KA 27 P 6248,2021-03-21T12:02:00,49.1
ALOG-00000243,ANPR-0451,VEH-00000978,KA 27 P 6248,2021-03-21T12:07:00,58.0
ALOG-00000244,ANPR-0474,VEH-00000978,KA 27 P 6248,2021-03-26T12:39:00,69.9
ALOG-00000245,ANPR-0474,VEH-00000978,KA 27 P 6248,2021-03-26T12:44:00,20.2
ALOG-00000246,ANPR-0474,VEH-00000978,KA 27 P 6248,2021-03-26T12:49:00,63.6
ALOG-00000247,ANPR-0474,VEH-00000978,KA 27 P 6248,2021-03-26T12:54:00,53.8
ALOG-00000248,ANPR-0474,VEH-00000978,KA 27 P 6248,2021-03-26T12:59:00,46.8
ALOG-00000249,ANPR-0474,VEH-00000978,KA 27 P 6248,2021-03-26T13:04:00,62.1
ALOG-00000250,ANPR-0152,VEH-00001564,KA 38 A 2223,2021-03-26T21:30:00,27.4
ALOG-00000251,ANPR-0152,VEH-00001564,KA 38 A 2223,2021-03-26T21:35:00,58.1
ALOG-00000252,ANPR-0152,VEH-00001564,KA 38 A 2223,2021-03-26T21:40:00,34.8
ALOG-00000253,ANPR-0152,VEH-00001564,KA 38 A 2223,2021-03-26T21:45:00,77.7
ALOG-00000254,ANPR-0153,VEH-00001564,KA 38 A 2223,2021-03-26T21:45:00,39.0
ALOG-00000255,ANPR-0152,VEH-00001564,KA 38 A 2223,2021-03-26T21:50:00,58.5
ALOG-00000256,ANPR-0153,VEH-00001564,KA 38 A 2223,2021-03-26T21:50:00,60.4
ALOG-00000257,ANPR-0152,VEH-00001564,KA 38 A 2223,2021-03-26T21:55:00,26.1
ALOG-00000258,ANPR-0153,VEH-00001564,KA 38 A 222B,2021-03-26T21:55:00,72.9
ALOG-00000259,ANPR-0152,VEH-00001564,KA 38 A 2223,2021-03-26T22:00:00,24.9
ALOG-00000260,ANPR-0153,VEH-00001564,KA 38 A 222A,2021-03-26T22:00:00,51.2
ALOG-00000261,ANPR-0153,VEH-00001564,KA 38 A 2223,2021-03-26T22:05:00,70.1
ALOG-00000262,ANPR-0152,VEH-00001564,KA 38 A 2223,2021-03-26T22:10:00,37.1
ALOG-00000263,ANPR-0153,VEH-00001564,KA 38 A 2223,2021-03-26T22:10:00,50.1
ALOG-00000264,ANPR-0152,VEH-00001564,KA 38 A 2223,2021-03-26T22:15:00,51.0
ALOG-00000265,ANPR-0153,VEH-00001564,KA 38 A 2223,2021-03-26T22:15:00,21.8
ALOG-00000266,ANPR-0152,VEH-00001564,KA 38 A 2223,2021-03-26T22:20:00,48.8
ALOG-00000267,ANPR-0153,VEH-00001564,KA 38 A 2223,2021-03-26T22:20:00,28.6
ALOG-00000268,ANPR-0152,VEH-00001564,KA 38 A 2223,2021-03-26T22:25:00,77.1
ALOG-00000269,ANPR-0153,VEH-00001564,KA 38 A 2223,2021-03-26T22:25:00,42.9
ALOG-00000270,ANPR-0152,VEH-00001564,KA 38 A 2223,2021-03-26T22:30:00,67.0
ALOG-00000271,ANPR-0328,VEH-00000436,KA 32 N 6683,2021-04-20T21:25:00,57.4
ALOG-00000272,ANPR-1107,VEH-00000287,KA 17 C 9901,2021-04-22T00:11:00,77.6
ALOG-00000273,ANPR-1107,VEH-00000287,KA 17 C 9901,2021-04-22T00:16:00,72.7
ALOG-00000274,ANPR-1107,VEH-00000287,KA 17 C 9901,2021-04-22T00:21:00,61.5
ALOG-00000275,ANPR-1107,VEH-00000287,KA 17 C 9901,2021-04-22T00:26:00,67.4
ALOG-00000276,ANPR-1098,VEH-00000240,KA 02 A 4305,2021-05-02T08:54:00,74.7
ALOG-00000277,ANPR-0702,VEH-00000240,KA 02 A 4301,2021-05-03T03:40:00,69.6
ALOG-00000278,ANPR-0703,VEH-00000240,KA 02 A 430A,2021-05-03T03:45:00,38.3
ALOG-00000279,ANPR-0703,VEH-00000240,KA 02 A 4305,2021-05-03T03:50:00,61.5
ALOG-00000280,ANPR-0703,VEH-00000240,KA 02 A 4305,2021-05-03T03:55:00,44.4
ALOG-00000281,ANPR-0703,VEH-00000240,KA 02 A 4305,2021-05-03T04:00:00,33.2
ALOG-00000282,ANPR-0703,VEH-00000240,KA 02 A 4305,2021-05-03T04:05:00,60.7
ALOG-00000283,ANPR-0007,VEH-00001119,KA 21 A 7179,2021-05-12T12:15:00,37.5
ALOG-00000284,ANPR-0008,VEH-00001119,KA 21 A 7179,2021-05-12T12:15:00,33.7
ALOG-00000285,ANPR-0007,VEH-00001119,KA 21 A 717B,2021-05-12T12:20:00,37.6
ALOG-00000286,ANPR-0008,VEH-00001119,KA 21 A 7179,2021-05-12T12:20:00,60.7
ALOG-00000287,ANPR-0007,VEH-00001119,KA 21 A 7179,2021-05-12T12:25:00,75.0
ALOG-00000288,ANPR-0008,VEH-00001119,KA 21 A 7179,2021-05-12T12:25:00,22.7
ALOG-00000289,ANPR-0007,VEH-00001119,KA 21 A 7179,2021-05-12T12:30:00,22.4
ALOG-00000290,ANPR-0008,VEH-00001119,KA 21 A 717A,2021-05-12T12:30:00,23.3
ALOG-00000291,ANPR-0007,VEH-00001119,KA 21 A 7179,2021-05-12T12:35:00,60.0
ALOG-00000292,ANPR-0008,VEH-00001119,KA 21 A 7179,2021-05-12T12:35:00,64.9
ALOG-00000293,ANPR-0007,VEH-00001119,KA 21 A 7179,2021-05-12T12:40:00,38.0
ALOG-00000294,ANPR-0007,VEH-00001119,KA 21 A 7179,2021-05-12T12:45:00,69.9
ALOG-00000295,ANPR-0007,VEH-00001119,KA 21 A 7179,2021-05-12T13:40:00,26.2
ALOG-00000296,ANPR-0007,VEH-00001119,KA 21 A 717B,2021-05-12T13:45:00,69.3
ALOG-00000297,ANPR-0007,VEH-00001119,KA 21 A 7179,2021-05-12T13:50:00,58.2
ALOG-00000298,ANPR-0007,VEH-00001119,KA 21 A 7179,2021-05-12T13:55:00,35.5
ALOG-00000299,ANPR-0007,VEH-00001119,KA 21 A 7179,2021-05-12T14:00:00,34.9
ALOG-00000300,ANPR-0007,VEH-00001119,KA 21 A 7179,2021-05-12T14:05:00,27.2
ALOG-00000301,ANPR-0844,VEH-00000978,KA 27 P 6248,2021-05-17T10:31:00,54.5
ALOG-00000302,ANPR-0844,VEH-00000978,KA 27 P 6248,2021-05-17T10:36:00,74.8
ALOG-00000303,ANPR-0844,VEH-00000978,KA 27 P 6248,2021-05-17T10:41:00,60.0
ALOG-00000304,ANPR-0844,VEH-00000978,KA 27 P 6248,2021-05-17T10:46:00,35.3
ALOG-00000305,ANPR-0844,VEH-00000978,KA 27 P 6248,2021-05-17T10:51:00,52.4
ALOG-00000306,ANPR-0844,VEH-00000978,KA 27 P 6248,2021-05-17T10:56:00,62.9
ALOG-00000307,ANPR-0844,VEH-00000978,KA 27 P 6248,2021-05-17T11:01:00,28.4
ALOG-00000308,ANPR-0844,VEH-00000978,KA 27 P 6248,2021-05-17T11:06:00,73.9
ALOG-00000309,ANPR-0840,VEH-00000978,KA 27 P 6248,2021-05-18T12:29:00,26.4
ALOG-00000310,ANPR-0840,VEH-00000978,KA 27 P 6248,2021-05-18T12:34:00,35.8
ALOG-00000311,ANPR-0840,VEH-00000978,KA 27 P 6248,2021-05-18T12:39:00,52.6
ALOG-00000312,ANPR-0840,VEH-00000978,KA 27 P 6248,2021-05-18T12:44:00,75.0
ALOG-00000313,ANPR-0831,VEH-00000978,KA 27 P 6248,2021-05-19T20:51:00,37.8
ALOG-00000314,ANPR-0692,VEH-00000240,KA 02 A 4301,2021-05-20T06:07:00,76.0
ALOG-00000315,ANPR-0692,VEH-00000240,KA 02 A 4305,2021-05-20T06:12:00,39.0
ALOG-00000316,ANPR-0692,VEH-00000240,KA 02 A 4305,2021-05-20T06:17:00,22.3
ALOG-00000317,ANPR-0692,VEH-00000240,KA 02 A 4305,2021-05-20T06:22:00,66.4
ALOG-00000318,ANPR-0692,VEH-00000240,KA 02 A 4305,2021-05-20T06:27:00,24.2
ALOG-00000319,ANPR-0692,VEH-00000240,KA 02 A 4305,2021-05-20T06:32:00,37.2
ALOG-00000320,ANPR-1104,VEH-00000240,KA 02 A 4305,2021-05-21T04:12:00,60.3
ALOG-00000321,ANPR-1104,VEH-00000240,KA 02 A 4305,2021-05-21T04:17:00,51.2
ALOG-00000322,ANPR-1105,VEH-00000240,KA 02 A 4305,2021-05-21T04:17:00,72.3
ALOG-00000323,ANPR-1104,VEH-00000240,KA 02 A 430A,2021-05-21T04:22:00,21.6
ALOG-00000324,ANPR-1105,VEH-00000240,KA 02 A 4305,2021-05-21T04:22:00,71.5
ALOG-00000325,ANPR-1110,VEH-00000240,KA 02 A 4305,2021-05-23T04:43:00,72.2
ALOG-00000326,ANPR-1110,VEH-00000240,KA 02 A 4305,2021-05-23T04:48:00,77.8
ALOG-00000327,ANPR-1110,VEH-00000240,KA 02 A 4305,2021-05-23T04:53:00,29.9
ALOG-00000328,ANPR-1110,VEH-00000240,KA 02 A 4305,2021-05-23T04:58:00,60.0
ALOG-00000329,ANPR-1110,VEH-00000240,KA 02 A 4305,2021-05-23T05:03:00,29.7
ALOG-00000330,ANPR-1110,VEH-00000240,KA 02 A 4305,2021-05-23T05:08:00,61.9
ALOG-00000331,ANPR-1110,VEH-00000240,KA 02 A 4305,2021-05-23T05:13:00,64.8
ALOG-00000332,ANPR-1108,VEH-00000240,KA 02 A 4305,2021-05-24T23:31:00,48.5
ALOG-00000333,ANPR-1108,VEH-00000240,KA 02 A 4305,2021-05-24T23:36:00,63.0
ALOG-00000334,ANPR-1100,VEH-00000240,KA 02 A 4305,2021-05-26T05:10:00,65.1
ALOG-00000335,ANPR-1100,VEH-00000240,KA 02 A 430A,2021-05-26T05:15:00,47.5
ALOG-00000336,ANPR-1100,VEH-00000240,KA 02 A 4305,2021-05-26T05:20:00,33.0
ALOG-00000337,ANPR-1100,VEH-00000240,KA 02 A 4305,2021-05-26T05:25:00,77.6
ALOG-00000338,ANPR-1100,VEH-00000240,KA 02 A 4305,2021-05-26T05:30:00,64.6
ALOG-00000339,ANPR-1106,VEH-00000240,KA 02 A 4305,2021-05-28T05:10:00,78.9
ALOG-00000340,ANPR-1106,VEH-00000240,KA 02 A 4305,2021-05-28T05:15:00,37.8
ALOG-00000341,ANPR-1106,VEH-00000240,KA 02 A 4305,2021-05-28T05:20:00,66.6
ALOG-00000342,ANPR-1106,VEH-00000240,KA 02 A 4305,2021-05-28T05:25:00,23.0
ALOG-00000343,ANPR-1106,VEH-00000240,KA 02 A 4305,2021-05-28T05:30:00,57.7
ALOG-00000344,ANPR-1106,VEH-00000240,KA 02 A 4305,2021-05-28T05:35:00,50.2
ALOG-00000345,ANPR-1106,VEH-00000240,KA 02 A 4305,2021-05-28T05:40:00,57.9
ALOG-00000346,ANPR-0577,VEH-00000978,KA 27 P 6248,2021-05-28T11:20:00,23.6
ALOG-00000347,ANPR-0577,VEH-00000978,KA 27 P 6248,2021-05-28T11:25:00,22.0
ALOG-00000348,ANPR-0577,VEH-00000978,KA 27 P 6248,2021-05-28T11:30:00,61.9
ALOG-00000349,ANPR-0577,VEH-00000978,KA 27 P 6248,2021-05-28T11:35:00,58.4
ALOG-00000350,ANPR-0577,VEH-00000978,KA 27 P 6248,2021-05-28T11:40:00,21.2
ALOG-00000351,ANPR-0577,VEH-00000978,KA 27 P 6248,2021-05-28T11:45:00,56.8
ALOG-00000352,ANPR-0100,VEH-00001295,KA 12 A 6953,2021-05-29T12:30:00,67.7
ALOG-00000353,ANPR-0100,VEH-00001295,KA 12 A 6953,2021-05-29T12:35:00,44.8
ALOG-00000354,ANPR-0100,VEH-00001295,KA 12 A 6953,2021-05-29T12:40:00,38.8
ALOG-00000355,ANPR-0100,VEH-00001295,KA 12 A 6953,2021-05-29T12:45:00,43.0
ALOG-00000356,ANPR-0100,VEH-00001295,KA 12 A 6953,2021-05-29T12:50:00,44.5
ALOG-00000357,ANPR-0100,VEH-00001295,KA 12 A 6951,2021-05-29T12:55:00,77.4
ALOG-00000358,ANPR-0100,VEH-00001295,KA 12 A 6953,2021-05-29T13:00:00,41.9
ALOG-00000359,ANPR-1089,VEH-00000240,KA 02 A 4305,2021-05-30T03:27:00,76.3
ALOG-00000360,ANPR-1089,VEH-00000240,KA 02 A 4305,2021-05-30T03:32:00,32.7
ALOG-00000361,ANPR-1089,VEH-00000240,KA 02 A 4301,2021-05-30T03:37:00,44.4
ALOG-00000362,ANPR-1089,VEH-00000240,KA 02 A 4305,2021-05-30T03:42:00,68.3
ALOG-00000363,ANPR-1089,VEH-00000240,KA 02 A 4305,2021-05-30T03:47:00,44.0
ALOG-00000364,ANPR-1089,VEH-00000240,KA 02 A 4305,2021-05-30T03:52:00,35.1
ALOG-00000365,ANPR-1089,VEH-00000240,KA 02 A 4305,2021-05-30T03:57:00,32.6
ALOG-00000366,ANPR-1089,VEH-00000240,KA 02 A 4305,2021-05-30T04:02:00,35.2
ALOG-00000367,ANPR-1089,VEH-00000240,KA 02 A 4305,2021-05-30T04:07:00,72.3
ALOG-00000368,ANPR-1089,VEH-00000240,KA 02 A 4305,2021-05-30T04:12:00,29.8
ALOG-00000369,ANPR-1089,VEH-00000240,KA 02 A 4305,2021-05-30T04:17:00,50.9
ALOG-00000370,ANPR-1096,VEH-00000240,KA 02 A 4305,2021-06-02T05:44:00,75.8
ALOG-00000371,ANPR-1096,VEH-00000240,KA 02 A 4301,2021-06-02T05:49:00,35.9
ALOG-00000372,ANPR-1096,VEH-00000240,KA 02 A 4305,2021-06-02T05:54:00,74.1
ALOG-00000373,ANPR-1096,VEH-00000240,KA 02 A 4305,2021-06-02T05:59:00,65.7
ALOG-00000374,ANPR-1096,VEH-00000240,KA 02 A 4305,2021-06-02T06:04:00,66.5
ALOG-00000375,ANPR-1096,VEH-00000240,KA 02 A 4305,2021-06-02T06:09:00,34.9
ALOG-00000376,ANPR-1096,VEH-00000240,KA 02 A 4305,2021-06-02T06:14:00,32.7
ALOG-00000377,ANPR-1096,VEH-00000240,KA 02 A 4305,2021-06-02T06:19:00,54.7
ALOG-00000378,ANPR-1096,VEH-00000240,KA 02 A 4305,2021-06-02T06:54:00,53.6
ALOG-00000379,ANPR-1096,VEH-00000240,KA 02 A 4305,2021-06-02T06:59:00,30.6
ALOG-00000380,ANPR-1096,VEH-00000240,KA 02 A 4301,2021-06-02T07:04:00,37.4
ALOG-00000381,ANPR-1096,VEH-00000240,KA 02 A 4305,2021-06-02T07:09:00,53.6
ALOG-00000382,ANPR-1096,VEH-00000240,KA 02 A 4305,2021-06-02T07:14:00,71.4
ALOG-00000383,ANPR-1096,VEH-00000240,KA 02 A 4301,2021-06-02T07:19:00,25.4
ALOG-00000384,ANPR-1096,VEH-00000240,KA 02 A 430B,2021-06-02T07:24:00,64.4
ALOG-00000385,ANPR-0591,VEH-00000978,KA 27 P 6248,2021-06-03T10:48:00,64.0
ALOG-00000386,ANPR-0591,VEH-00000978,KA 27 P 6248,2021-06-03T10:53:00,51.3
ALOG-00000387,ANPR-0591,VEH-00000978,KA 27 P 6248,2021-06-03T10:58:00,59.4
ALOG-00000388,ANPR-0591,VEH-00000978,KA 27 P 6248,2021-06-03T11:03:00,34.8
ALOG-00000389,ANPR-0591,VEH-00000978,KA 27 P 6248,2021-06-03T11:08:00,40.6
ALOG-00000390,ANPR-0555,VEH-00000978,KA 27 P 6248,2021-06-05T13:27:00,61.4
ALOG-00000391,ANPR-0555,VEH-00000978,KA 27 P 6248,2021-06-05T13:32:00,76.7
ALOG-00000392,ANPR-0576,VEH-00000978,KA 27 P 6248,2021-06-06T10:33:00,61.1
ALOG-00000393,ANPR-0576,VEH-00000978,KA 27 P 6248,2021-06-06T10:38:00,38.6
ALOG-00000394,ANPR-0576,VEH-00000978,KA 27 P 6248,2021-06-06T10:43:00,44.4
ALOG-00000395,ANPR-0572,VEH-00000978,KA 27 P 624B,2021-06-09T10:29:00,33.0
ALOG-00000396,ANPR-0572,VEH-00000978,KA 27 P 6248,2021-06-09T10:34:00,65.5
ALOG-00000397,ANPR-0572,VEH-00000978,KA 27 P 6248,2021-06-09T10:39:00,39.5
ALOG-00000398,ANPR-0572,VEH-00000978,KA 27 P 6248,2021-06-09T10:44:00,63.1
ALOG-00000399,ANPR-0585,VEH-00000978,KA 27 P 6248,2021-06-11T11:47:00,58.3
ALOG-00000400,ANPR-0585,VEH-00000978,KA 27 P 6248,2021-06-11T11:52:00,22.0
ALOG-00000401,ANPR-0585,VEH-00000978,KA 27 P 6248,2021-06-11T11:57:00,66.2
ALOG-00000402,ANPR-0585,VEH-00000978,KA 27 P 6248,2021-06-11T12:02:00,50.3
ALOG-00000403,ANPR-0585,VEH-00000978,KA 27 P 6248,2021-06-11T12:07:00,36.6
ALOG-00000404,ANPR-0585,VEH-00000978,KA 27 P 6241,2021-06-11T12:12:00,76.9
ALOG-00000405,ANPR-0585,VEH-00000978,KA 27 P 6248,2021-06-11T12:17:00,70.4
ALOG-00000406,ANPR-0585,VEH-00000978,KA 27 P 6248,2021-06-11T12:22:00,32.2
ALOG-00000407,ANPR-0585,VEH-00000978,KA 27 P 6248,2021-06-11T12:27:00,44.5
ALOG-00000408,ANPR-0585,VEH-00000978,KA 27 P 6248,2021-06-11T12:32:00,61.5
ALOG-00000409,ANPR-0585,VEH-00000978,KA 27 P 6248,2021-06-11T12:37:00,79.9
ALOG-00000410,ANPR-0628,VEH-00000215,KA 06 N 3301,2021-06-13T07:04:00,61.0
ALOG-00000411,ANPR-0628,VEH-00000215,KA 06 N 3301,2021-06-13T07:09:00,58.1
ALOG-00000412,ANPR-0628,VEH-00000215,KA 06 N 3301,2021-06-13T07:14:00,56.9
ALOG-00000413,ANPR-0628,VEH-00000215,KA 06 N 3301,2021-06-13T07:19:00,33.9
ALOG-00000414,ANPR-0628,VEH-00000215,KA 06 N 330A,2021-06-13T07:24:00,54.1
ALOG-00000415,ANPR-0628,VEH-00000215,KA 06 N 3301,2021-06-13T07:29:00,26.8
ALOG-00000416,ANPR-0981,VEH-00000240,KA 02 A 4305,2021-06-23T06:12:00,51.6
ALOG-00000417,ANPR-0981,VEH-00000240,KA 02 A 4305,2021-06-23T06:17:00,39.1
ALOG-00000418,ANPR-0981,VEH-00000240,KA 02 A 4305,2021-06-23T06:22:00,51.4
ALOG-00000419,ANPR-0981,VEH-00000240,KA 02 A 4305,2021-06-23T06:27:00,73.7
ALOG-00000420,ANPR-0981,VEH-00000240,KA 02 A 4305,2021-06-23T06:32:00,73.8
ALOG-00000421,ANPR-0981,VEH-00000240,KA 02 A 4305,2021-06-23T06:37:00,62.1
ALOG-00000422,ANPR-0968,VEH-00000240,KA 02 A 4305,2021-06-30T05:30:00,56.0
ALOG-00000423,ANPR-0968,VEH-00000240,KA 02 A 4305,2021-06-30T05:35:00,22.0
ALOG-00000424,ANPR-0968,VEH-00000240,KA 02 A 4305,2021-06-30T05:40:00,61.9
ALOG-00000425,ANPR-0968,VEH-00000240,KA 02 A 4305,2021-06-30T05:45:00,49.4
ALOG-00000426,ANPR-0968,VEH-00000240,KA 02 A 4305,2021-06-30T05:50:00,74.8
ALOG-00000427,ANPR-0968,VEH-00000240,KA 02 A 4305,2021-06-30T05:55:00,54.7
ALOG-00000428,ANPR-0968,VEH-00000240,KA 02 A 4305,2021-06-30T06:00:00,64.0
ALOG-00000429,ANPR-0968,VEH-00000240,KA 02 A 4305,2021-06-30T06:05:00,68.7
ALOG-00000430,ANPR-0968,VEH-00000240,KA 02 A 4305,2021-06-30T06:10:00,28.8
ALOG-00000431,ANPR-0968,VEH-00000240,KA 02 A 4305,2021-06-30T06:15:00,65.8
ALOG-00000432,ANPR-0968,VEH-00000240,KA 02 A 4305,2021-06-30T06:20:00,41.1
ALOG-00000433,ANPR-0968,VEH-00000240,KA 02 A 4305,2021-06-30T06:25:00,35.3
ALOG-00000434,ANPR-0968,VEH-00000240,KA 02 A 4305,2021-06-30T06:30:00,44.1
ALOG-00000435,ANPR-0968,VEH-00000240,KA 02 A 4305,2021-06-30T06:35:00,64.4
ALOG-00000436,ANPR-0968,VEH-00000240,KA 02 A 4305,2021-06-30T06:40:00,44.7
ALOG-00000437,ANPR-0968,VEH-00000240,KA 02 A 4305,2021-06-30T06:45:00,42.8
ALOG-00000438,ANPR-0968,VEH-00000240,KA 02 A 4305,2021-06-30T06:50:00,33.2
ALOG-00000439,ANPR-0968,VEH-00000240,KA 02 A 4305,2021-06-30T06:55:00,62.5
ALOG-00000440,ANPR-0968,VEH-00000240,KA 02 A 4305,2021-06-30T07:00:00,59.6
ALOG-00000441,ANPR-0971,VEH-00000240,KA 02 A 4305,2021-07-02T05:43:00,65.2
ALOG-00000442,ANPR-0971,VEH-00000240,KA 02 A 4305,2021-07-02T05:48:00,24.4
ALOG-00000443,ANPR-0961,VEH-00000240,KA 02 A 4301,2021-07-03T04:28:00,73.1
ALOG-00000444,ANPR-0961,VEH-00000240,KA 02 A 430B,2021-07-03T04:33:00,36.2
ALOG-00000445,ANPR-0961,VEH-00000240,KA 02 A 4305,2021-07-03T04:38:00,71.8
ALOG-00000446,ANPR-0961,VEH-00000240,KA 02 A 4305,2021-07-03T04:43:00,59.9
ALOG-00000447,ANPR-0961,VEH-00000240,KA 02 A 4305,2021-07-03T04:48:00,44.4
ALOG-00000448,ANPR-0961,VEH-00000240,KA 02 A 4305,2021-07-03T04:53:00,26.2
ALOG-00000449,ANPR-0961,VEH-00000240,KA 02 A 4305,2021-07-03T04:58:00,51.2
ALOG-00000450,ANPR-0961,VEH-00000240,KA 02 A 4305,2021-07-03T05:03:00,32.6
ALOG-00000451,ANPR-0974,VEH-00000240,KA 02 A 4301,2021-07-07T04:25:00,21.9
ALOG-00000452,ANPR-0974,VEH-00000240,KA 02 A 4305,2021-07-07T04:30:00,36.0
ALOG-00000453,ANPR-0974,VEH-00000240,KA 02 A 4305,2021-07-07T04:35:00,35.4
ALOG-00000454,ANPR-0418,VEH-00000240,KA 02 A 4305,2021-07-09T13:03:00,28.6
ALOG-00000455,ANPR-0418,VEH-00000240,KA 02 A 4305,2021-07-09T13:08:00,75.6
ALOG-00000456,ANPR-0418,VEH-00000240,KA 02 A 4305,2021-07-09T13:13:00,37.6
ALOG-00000457,ANPR-0418,VEH-00000240,KA 02 A 4305,2021-07-09T13:18:00,38.3
ALOG-00000458,ANPR-0418,VEH-00000240,KA 02 A 4305,2021-07-09T13:23:00,23.8
ALOG-00000459,ANPR-0418,VEH-00000240,KA 02 A 4305,2021-07-09T13:28:00,73.7
ALOG-00000460,ANPR-0418,VEH-00000240,KA 02 A 4305,2021-07-09T13:33:00,56.1
ALOG-00000461,ANPR-0440,VEH-00000240,KA 02 A 4305,2021-07-12T04:15:00,57.8
ALOG-00000462,ANPR-0440,VEH-00000240,KA 02 A 4305,2021-07-12T04:20:00,64.4
ALOG-00000463,ANPR-0440,VEH-00000240,KA 02 A 4305,2021-07-12T04:25:00,77.7
ALOG-00000464,ANPR-0440,VEH-00000240,KA 02 A 4305,2021-07-12T04:30:00,60.1
ALOG-00000465,ANPR-0440,VEH-00000240,KA 02 A 4305,2021-07-12T04:35:00,52.7
ALOG-00000466,ANPR-1218,VEH-00001169,KA 34 A 7506,2021-08-14T08:54:00,45.2
ALOG-00000467,ANPR-1218,VEH-00001169,KA 34 A 7501,2021-08-14T08:59:00,52.6
ALOG-00000468,ANPR-1218,VEH-00001169,KA 34 A 7506,2021-08-14T09:04:00,52.5
ALOG-00000469,ANPR-1218,VEH-00001169,KA 34 A 7506,2021-08-14T09:09:00,75.4
ALOG-00000470,ANPR-1218,VEH-00001169,KA 34 A 7506,2021-08-14T09:14:00,30.0
ALOG-00000471,ANPR-1218,VEH-00001169,KA 34 A 7506,2021-08-14T09:19:00,32.9
ALOG-00000472,ANPR-1218,VEH-00001169,KA 34 A 7506,2021-08-14T09:24:00,67.4
ALOG-00000473,ANPR-0285,VEH-00000141,KA 04 M 1186,2021-08-15T05:48:00,79.5
ALOG-00000474,ANPR-0285,VEH-00000141,KA 04 M 1186,2021-08-15T05:53:00,51.0
ALOG-00000475,ANPR-0285,VEH-00000141,KA 04 M 1186,2021-08-15T05:58:00,21.6
ALOG-00000476,ANPR-0066,VEH-00000984,KA 35 M 5386,2021-08-29T18:26:00,61.0
ALOG-00000477,ANPR-0066,VEH-00000984,KA 35 M 538B,2021-08-29T18:31:00,56.4
ALOG-00000478,ANPR-0066,VEH-00000984,KA 35 M 5386,2021-08-29T18:36:00,49.1
ALOG-00000479,ANPR-0066,VEH-00000984,KA 35 M 5386,2021-08-29T18:41:00,49.4
ALOG-00000480,ANPR-0066,VEH-00000984,KA 35 M 5386,2021-08-29T18:46:00,72.7
ALOG-00000481,ANPR-0066,VEH-00000984,KA 35 M 5386,2021-08-29T18:51:00,61.3
ALOG-00000482,ANPR-0066,VEH-00000984,KA 35 M 5386,2021-08-29T18:56:00,54.1
ALOG-00000483,ANPR-0066,VEH-00000984,KA 35 M 5386,2021-08-29T19:01:00,54.4
ALOG-00000484,ANPR-0066,VEH-00000984,KA 35 M 5386,2021-08-29T19:06:00,63.3
ALOG-00000485,ANPR-0066,VEH-00000984,KA 35 M 5386,2021-08-29T19:11:00,60.5
ALOG-00000486,ANPR-0066,VEH-00000984,KA 35 M 5386,2021-08-29T19:16:00,68.3
ALOG-00000487,ANPR-0404,VEH-00001010,KA 41 P 677A,2021-09-10T23:03:00,65.9
ALOG-00000488,ANPR-0404,VEH-00001010,KA 41 P 6771,2021-09-10T23:08:00,26.7
ALOG-00000489,ANPR-0404,VEH-00001010,KA 41 P 6771,2021-09-10T23:13:00,54.1
ALOG-00000490,ANPR-0404,VEH-00001010,KA 41 P 677A,2021-09-10T23:18:00,68.7
ALOG-00000491,ANPR-0404,VEH-00001010,KA 41 P 6771,2021-09-10T23:23:00,20.9
ALOG-00000492,ANPR-0404,VEH-00001010,KA 41 P 6771,2021-09-10T23:28:00,49.3
ALOG-00000493,ANPR-0404,VEH-00001010,KA 41 P 677A,2021-09-10T23:33:00,34.0
ALOG-00000494,ANPR-0404,VEH-00001010,KA 41 P 6771,2021-09-10T23:38:00,68.6
ALOG-00000495,ANPR-0404,VEH-00001010,KA 41 P 6771,2021-09-10T23:43:00,68.4
ALOG-00000496,ANPR-0404,VEH-00001010,KA 41 P 6771,2021-09-10T23:48:00,39.8
ALOG-00000497,ANPR-0404,VEH-00001010,KA 41 P 6771,2021-09-10T23:53:00,67.6
ALOG-00000498,ANPR-0404,VEH-00001010,KA 41 P 6771,2021-09-10T23:58:00,45.8
ALOG-00000499,ANPR-0121,VEH-00001295,KA 12 A 6953,2021-09-13T13:05:00,71.0
ALOG-00000500,ANPR-0121,VEH-00001295,KA 12 A 6953,2021-09-13T13:10:00,54.3
ALOG-00000501,ANPR-0121,VEH-00001295,KA 12 A 6953,2021-09-13T13:15:00,41.8
ALOG-00000502,ANPR-0121,VEH-00001295,KA 12 A 6953,2021-09-13T13:20:00,26.9
ALOG-00000503,ANPR-0121,VEH-00001295,KA 12 A 6953,2021-09-13T13:25:00,41.8
ALOG-00000504,ANPR-0121,VEH-00001295,KA 12 A 6953,2021-09-13T13:30:00,44.4
ALOG-00000505,ANPR-1255,VEH-00000221,KA 18 A 5975,2021-09-15T08:22:00,55.2
ALOG-00000506,ANPR-1255,VEH-00000221,KA 18 A 5975,2021-09-15T08:27:00,74.3
ALOG-00000507,ANPR-1255,VEH-00000221,KA 18 A 5975,2021-09-15T08:32:00,39.0
ALOG-00000508,ANPR-1255,VEH-00000221,KA 18 A 5975,2021-09-15T08:37:00,77.4
ALOG-00000509,ANPR-1255,VEH-00000221,KA 18 A 5975,2021-09-15T08:42:00,68.3
ALOG-00000510,ANPR-1255,VEH-00000221,KA 18 A 5975,2021-09-15T08:47:00,34.1
ALOG-00000511,ANPR-1255,VEH-00000221,KA 18 A 5971,2021-09-15T08:52:00,24.2
ALOG-00000512,ANPR-1255,VEH-00000221,KA 18 A 5975,2021-09-15T08:57:00,40.9
ALOG-00000513,ANPR-0419,VEH-00000353,KA 46 P 5732,2021-09-21T22:13:00,76.1
ALOG-00000514,ANPR-0419,VEH-00000353,KA 46 P 5732,2021-09-21T22:18:00,39.9
ALOG-00000515,ANPR-0789,VEH-00001103,KA 02 B 7215,2021-09-27T05:16:00,39.5
ALOG-00000516,ANPR-0789,VEH-00001103,KA 02 B 7211,2021-09-27T05:21:00,56.8
ALOG-00000517,ANPR-0789,VEH-00001103,KA 02 B 7215,2021-09-27T05:26:00,61.1
ALOG-00000518,ANPR-0789,VEH-00001103,KA 02 B 7215,2021-09-27T05:31:00,39.3
ALOG-00000519,ANPR-0789,VEH-00001103,KA 02 B 7215,2021-09-27T05:36:00,66.6
ALOG-00000520,ANPR-0789,VEH-00001103,KA 02 B 7215,2021-09-27T05:41:00,55.9
ALOG-00000521,ANPR-0790,VEH-00001103,KA 02 B 7215,2021-09-27T05:46:00,63.6
ALOG-00000522,ANPR-0790,VEH-00001103,KA 02 B 7215,2021-09-27T05:51:00,46.1
ALOG-00000523,ANPR-0790,VEH-00001103,KA 02 B 7215,2021-09-27T05:56:00,78.4
ALOG-00000524,ANPR-0790,VEH-00001103,KA 02 B 7215,2021-09-27T06:01:00,68.8
ALOG-00000525,ANPR-0790,VEH-00001103,KA 02 B 7211,2021-09-27T06:06:00,30.1
ALOG-00000526,ANPR-0790,VEH-00001103,KA 02 B 7215,2021-09-27T06:11:00,36.3
ALOG-00000527,ANPR-0790,VEH-00001103,KA 02 B 7215,2021-09-27T06:16:00,71.3
ALOG-00000528,ANPR-0352,VEH-00000978,KA 27 P 6248,2021-09-29T11:35:00,29.8
ALOG-00000529,ANPR-0352,VEH-00000978,KA 27 P 6248,2021-09-29T11:40:00,41.4
ALOG-00000530,ANPR-0352,VEH-00000978,KA 27 P 6248,2021-09-29T11:45:00,28.0
ALOG-00000531,ANPR-0352,VEH-00000978,KA 27 P 6248,2021-09-29T11:50:00,63.2
ALOG-00000532,ANPR-0352,VEH-00000978,KA 27 P 6248,2021-09-29T11:55:00,71.1
ALOG-00000533,ANPR-0352,VEH-00000978,KA 27 P 6248,2021-09-29T12:00:00,78.2
ALOG-00000534,ANPR-0368,VEH-00000978,KA 27 P 6248,2021-10-02T12:44:00,79.0
ALOG-00000535,ANPR-0368,VEH-00000978,KA 27 P 6248,2021-10-02T12:49:00,52.5
ALOG-00000536,ANPR-0390,VEH-00000978,KA 27 P 6248,2021-10-06T11:29:00,31.4
ALOG-00000537,ANPR-0390,VEH-00000978,KA 27 P 6248,2021-10-06T11:34:00,61.5
ALOG-00000538,ANPR-0790,VEH-00001580,KA 28 C 2936,2021-10-08T10:48:00,41.2
ALOG-00000539,ANPR-0790,VEH-00001580,KA 28 C 2936,2021-10-08T10:53:00,71.9
ALOG-00000540,ANPR-0790,VEH-00001580,KA 28 C 2936,2021-10-08T10:58:00,62.0
ALOG-00000541,ANPR-0790,VEH-00001580,KA 28 C 2936,2021-10-08T11:03:00,32.3
ALOG-00000542,ANPR-0790,VEH-00001580,KA 28 C 2936,2021-10-08T11:08:00,63.9
ALOG-00000543,ANPR-0790,VEH-00001580,KA 28 C 2936,2021-10-08T11:13:00,78.1
ALOG-00000544,ANPR-0790,VEH-00001580,KA 28 C 2936,2021-10-08T11:18:00,32.0
ALOG-00000545,ANPR-0790,VEH-00001580,KA 28 C 2936,2021-10-08T11:23:00,40.6
ALOG-00000546,ANPR-0790,VEH-00001580,KA 28 C 2936,2021-10-08T11:28:00,62.5
ALOG-00000547,ANPR-0790,VEH-00001580,KA 28 C 293A,2021-10-08T11:33:00,28.6
ALOG-00000548,ANPR-0790,VEH-00001580,KA 28 C 2936,2021-10-08T11:38:00,50.5
ALOG-00000549,ANPR-0790,VEH-00001580,KA 28 C 2936,2021-10-08T11:43:00,50.3
ALOG-00000550,ANPR-0790,VEH-00001580,KA 28 C 2936,2021-10-08T11:48:00,69.3
ALOG-00000551,ANPR-0790,VEH-00001580,KA 28 C 2936,2021-10-08T11:53:00,20.6
ALOG-00000552,ANPR-0790,VEH-00001580,KA 28 C 2936,2021-10-08T11:58:00,40.5
ALOG-00000553,ANPR-0790,VEH-00001580,KA 28 C 2936,2021-10-08T12:03:00,47.5
ALOG-00000554,ANPR-0790,VEH-00001580,KA 28 C 293B,2021-10-08T12:08:00,49.2
ALOG-00000555,ANPR-0790,VEH-00001580,KA 28 C 2936,2021-10-08T12:13:00,46.5
ALOG-00000556,ANPR-0383,VEH-00000978,KA 27 P 6248,2021-10-14T09:53:00,58.0
ALOG-00000557,ANPR-0383,VEH-00000978,KA 27 P 6248,2021-10-14T09:58:00,32.7
ALOG-00000558,ANPR-0383,VEH-00000978,KA 27 P 6248,2021-10-14T10:03:00,48.3
ALOG-00000559,ANPR-0383,VEH-00000978,KA 27 P 6248,2021-10-14T10:08:00,45.1
ALOG-00000560,ANPR-0383,VEH-00000978,KA 27 P 6248,2021-10-14T10:13:00,30.4
ALOG-00000561,ANPR-0204,VEH-00000240,KA 02 A 430A,2021-10-23T04:09:00,62.5
ALOG-00000562,ANPR-0204,VEH-00000240,KA 02 A 4305,2021-10-23T04:14:00,43.4
ALOG-00000563,ANPR-0204,VEH-00000240,KA 02 A 4305,2021-10-23T04:19:00,58.1
ALOG-00000564,ANPR-0204,VEH-00000240,KA 02 A 4305,2021-10-23T04:24:00,37.7
ALOG-00000565,ANPR-0204,VEH-00000240,KA 02 A 4301,2021-10-23T04:29:00,48.3
ALOG-00000566,ANPR-0204,VEH-00000240,KA 02 A 4305,2021-10-23T04:34:00,65.9
ALOG-00000567,ANPR-0204,VEH-00000240,KA 02 A 4305,2021-10-23T04:39:00,54.8
ALOG-00000568,ANPR-0204,VEH-00000240,KA 02 A 4305,2021-10-23T04:44:00,23.1
ALOG-00000569,ANPR-0194,VEH-00000240,KA 02 A 4305,2021-10-28T19:48:00,57.2
ALOG-00000570,ANPR-0193,VEH-00000240,KA 02 A 4305,2021-10-28T19:53:00,35.4
ALOG-00000571,ANPR-0194,VEH-00000240,KA 02 A 430B,2021-10-28T19:53:00,20.3
ALOG-00000572,ANPR-0193,VEH-00000240,KA 02 A 4305,2021-10-28T19:58:00,25.2
ALOG-00000573,ANPR-0194,VEH-00000240,KA 02 A 4305,2021-10-28T19:58:00,30.5
ALOG-00000574,ANPR-0193,VEH-00000240,KA 02 A 4305,2021-10-28T20:03:00,30.5
ALOG-00000575,ANPR-0932,VEH-00000948,KA 23 A 6482,2021-10-31T19:21:00,73.5
ALOG-00000576,ANPR-0932,VEH-00000948,KA 23 A 6482,2021-10-31T19:26:00,57.0
ALOG-00000577,ANPR-0932,VEH-00000948,KA 23 A 6482,2021-10-31T19:31:00,35.8
ALOG-00000578,ANPR-0932,VEH-00000948,KA 23 A 6482,2021-10-31T19:36:00,70.2
ALOG-00000579,ANPR-0932,VEH-00000948,KA 23 A 6482,2021-10-31T19:41:00,67.0
ALOG-00000580,ANPR-0932,VEH-00000948,KA 23 A 6482,2021-10-31T19:46:00,52.8
ALOG-00000581,ANPR-0932,VEH-00000948,KA 23 A 6482,2021-10-31T19:51:00,56.3
ALOG-00000582,ANPR-0179,VEH-00000240,KA 02 A 4305,2021-11-02T07:35:00,36.3
ALOG-00000583,ANPR-0842,VEH-00000240,KA 02 A 4305,2021-11-03T04:05:00,44.6
ALOG-00000584,ANPR-0842,VEH-00000240,KA 02 A 4305,2021-11-03T04:10:00,21.9
ALOG-00000585,ANPR-0842,VEH-00000240,KA 02 A 4305,2021-11-03T04:15:00,64.2
ALOG-00000586,ANPR-0842,VEH-00000240,KA 02 A 4305,2021-11-03T04:20:00,28.1
ALOG-00000587,ANPR-0842,VEH-00000240,KA 02 A 4305,2021-11-03T04:25:00,44.0
ALOG-00000588,ANPR-0842,VEH-00000240,KA 02 A 4305,2021-11-03T04:30:00,50.7
ALOG-00000589,ANPR-0842,VEH-00000240,KA 02 A 4305,2021-11-03T04:35:00,49.8
ALOG-00000590,ANPR-0842,VEH-00000240,KA 02 A 4305,2021-11-03T04:40:00,59.9
ALOG-00000591,ANPR-0842,VEH-00000240,KA 02 A 4305,2021-11-03T04:45:00,26.3
ALOG-00000592,ANPR-0842,VEH-00000240,KA 02 A 4305,2021-11-03T04:50:00,41.0
ALOG-00000593,ANPR-0842,VEH-00000240,KA 02 A 4305,2021-11-03T04:55:00,58.3
ALOG-00000594,ANPR-0842,VEH-00000240,KA 02 A 4305,2021-11-03T05:00:00,39.2
ALOG-00000595,ANPR-0843,VEH-00000240,KA 02 A 4305,2021-11-06T04:04:00,78.3
ALOG-00000596,ANPR-0843,VEH-00000240,KA 02 A 4305,2021-11-06T04:09:00,53.9
ALOG-00000597,ANPR-0843,VEH-00000240,KA 02 A 4305,2021-11-06T04:14:00,45.9
ALOG-00000598,ANPR-0843,VEH-00000240,KA 02 A 4305,2021-11-06T04:19:00,20.2
ALOG-00000599,ANPR-0843,VEH-00000240,KA 02 A 4305,2021-11-06T04:24:00,28.8
ALOG-00000600,ANPR-0843,VEH-00000240,KA 02 A 4305,2021-11-06T04:29:00,66.9
ALOG-00000601,ANPR-0843,VEH-00000240,KA 02 A 4305,2021-11-06T04:34:00,51.0
ALOG-00000602,ANPR-0843,VEH-00000240,KA 02 A 4305,2021-11-06T04:49:00,45.3
ALOG-00000603,ANPR-0843,VEH-00000240,KA 02 A 4305,2021-11-06T04:54:00,64.8
ALOG-00000604,ANPR-0843,VEH-00000240,KA 02 A 4305,2021-11-06T04:59:00,24.2
ALOG-00000605,ANPR-0843,VEH-00000240,KA 02 A 4301,2021-11-06T05:04:00,27.3
ALOG-00000606,ANPR-0843,VEH-00000240,KA 02 A 4305,2021-11-06T05:09:00,74.3
ALOG-00000607,ANPR-0843,VEH-00000240,KA 02 A 430B,2021-11-06T05:14:00,54.3
ALOG-00000608,ANPR-0843,VEH-00000240,KA 02 A 4305,2021-11-06T05:19:00,59.6
ALOG-00000609,ANPR-0852,VEH-00000240,KA 02 A 4305,2021-11-09T03:20:00,73.2
ALOG-00000610,ANPR-0852,VEH-00000240,KA 02 A 4305,2021-11-09T03:25:00,62.7
ALOG-00000611,ANPR-0852,VEH-00000240,KA 02 A 4305,2021-11-09T03:30:00,58.2
ALOG-00000612,ANPR-0852,VEH-00000240,KA 02 A 4305,2021-11-09T03:35:00,58.5
ALOG-00000613,ANPR-0851,VEH-00000240,KA 02 A 4305,2021-11-09T03:40:00,68.7
ALOG-00000614,ANPR-0852,VEH-00000240,KA 02 A 4305,2021-11-09T03:40:00,47.1
ALOG-00000615,ANPR-0852,VEH-00000240,KA 02 A 430B,2021-11-09T03:45:00,62.8
ALOG-00000616,ANPR-0842,VEH-00000240,KA 02 A 4305,2021-11-10T05:03:00,79.2
ALOG-00000617,ANPR-0842,VEH-00000240,KA 02 A 4305,2021-11-10T05:08:00,56.0
ALOG-00000618,ANPR-0842,VEH-00000240,KA 02 A 4305,2021-11-10T05:13:00,79.9
ALOG-00000619,ANPR-0842,VEH-00000240,KA 02 A 4305,2021-11-10T05:18:00,75.2
ALOG-00000620,ANPR-0842,VEH-00000240,KA 02 A 4305,2021-11-10T05:23:00,77.5
ALOG-00000621,ANPR-0842,VEH-00000240,KA 02 A 4305,2021-11-10T05:28:00,30.8
ALOG-00000622,ANPR-0842,VEH-00000240,KA 02 A 4301,2021-11-10T05:33:00,60.1
ALOG-00000623,ANPR-0842,VEH-00000240,KA 02 A 4305,2021-11-10T05:38:00,21.1
ALOG-00000624,ANPR-0842,VEH-00000240,KA 02 A 4305,2021-11-10T05:43:00,47.4
ALOG-00000625,ANPR-0842,VEH-00000240,KA 02 A 4305,2021-11-10T05:48:00,71.9
ALOG-00000626,ANPR-0842,VEH-00000240,KA 02 A 4305,2021-11-10T05:53:00,38.9
ALOG-00000627,ANPR-0842,VEH-00000240,KA 02 A 4305,2021-11-10T05:58:00,29.7
ALOG-00000628,ANPR-1138,VEH-00000240,KA 02 A 430A,2021-11-12T05:23:00,53.5
ALOG-00000629,ANPR-1138,VEH-00000240,KA 02 A 4305,2021-11-12T05:28:00,56.5
ALOG-00000630,ANPR-1138,VEH-00000240,KA 02 A 4301,2021-11-12T05:33:00,27.1
ALOG-00000631,ANPR-1138,VEH-00000240,KA 02 A 4305,2021-11-12T05:38:00,30.1
ALOG-00000632,ANPR-1138,VEH-00000240,KA 02 A 4305,2021-11-12T05:43:00,48.2
ALOG-00000633,ANPR-1120,VEH-00000240,KA 02 A 4305,2021-11-13T03:17:00,62.8
ALOG-00000634,ANPR-1120,VEH-00000240,KA 02 A 4305,2021-11-13T03:22:00,37.4
ALOG-00000635,ANPR-1120,VEH-00000240,KA 02 A 4305,2021-11-13T03:27:00,22.4
ALOG-00000636,ANPR-1120,VEH-00000240,KA 02 A 4305,2021-11-13T03:32:00,40.4
ALOG-00000637,ANPR-1120,VEH-00000240,KA 02 A 4305,2021-11-13T03:37:00,44.3
ALOG-00000638,ANPR-1120,VEH-00000240,KA 02 A 4305,2021-11-13T03:42:00,54.8
ALOG-00000639,ANPR-1120,VEH-00000240,KA 02 A 4305,2021-11-13T03:47:00,40.1
ALOG-00000640,ANPR-1125,VEH-00000240,KA 02 A 4305,2021-11-14T05:40:00,67.9
ALOG-00000641,ANPR-1125,VEH-00000240,KA 02 A 4305,2021-11-14T05:45:00,64.5
ALOG-00000642,ANPR-1125,VEH-00000240,KA 02 A 4305,2021-11-14T05:50:00,46.6
ALOG-00000643,ANPR-1125,VEH-00000240,KA 02 A 4305,2021-11-14T05:55:00,56.8
ALOG-00000644,ANPR-1125,VEH-00000240,KA 02 A 4305,2021-11-14T06:00:00,29.9
ALOG-00000645,ANPR-1125,VEH-00000240,KA 02 A 4305,2021-11-14T06:05:00,41.4
ALOG-00000646,ANPR-1142,VEH-00000240,KA 02 A 4305,2021-11-16T21:46:00,76.0
ALOG-00000647,ANPR-1142,VEH-00000240,KA 02 A 4305,2021-11-16T21:51:00,27.4
ALOG-00000648,ANPR-1142,VEH-00000240,KA 02 A 4305,2021-11-16T21:56:00,35.4
ALOG-00000649,ANPR-1142,VEH-00000240,KA 02 A 4305,2021-11-16T22:01:00,33.5
ALOG-00000650,ANPR-1142,VEH-00000240,KA 02 A 4305,2021-11-16T22:06:00,22.6
ALOG-00000651,ANPR-1142,VEH-00000240,KA 02 A 4305,2021-11-16T22:11:00,33.7
ALOG-00000652,ANPR-1142,VEH-00000240,KA 02 A 4305,2021-11-16T22:16:00,37.5
ALOG-00000653,ANPR-1131,VEH-00000240,KA 02 A 4305,2021-11-19T03:56:00,21.0
ALOG-00000654,ANPR-1131,VEH-00000240,KA 02 A 4305,2021-11-19T04:01:00,67.4
ALOG-00000655,ANPR-1131,VEH-00000240,KA 02 A 4305,2021-11-19T04:06:00,38.7
ALOG-00000656,ANPR-0373,VEH-00000978,KA 27 P 6248,2021-11-20T22:47:00,55.9
ALOG-00000657,ANPR-0373,VEH-00000978,KA 27 P 6248,2021-11-20T22:52:00,59.4
ALOG-00000658,ANPR-0373,VEH-00000978,KA 27 P 6248,2021-11-20T22:57:00,54.9
ALOG-00000659,ANPR-0373,VEH-00000978,KA 27 P 6248,2021-11-20T23:02:00,73.3
ALOG-00000660,ANPR-0373,VEH-00000978,KA 27 P 6248,2021-11-20T23:07:00,24.2
ALOG-00000661,ANPR-0373,VEH-00000978,KA 27 P 6248,2021-11-20T23:12:00,57.2
ALOG-00000662,ANPR-0373,VEH-00000978,KA 27 P 6248,2021-11-20T23:17:00,76.8
ALOG-00000663,ANPR-1117,VEH-00000240,KA 02 A 4305,2021-11-21T05:20:00,52.6
ALOG-00000664,ANPR-1117,VEH-00000240,KA 02 A 4305,2021-11-21T05:25:00,43.9
ALOG-00000665,ANPR-1117,VEH-00000240,KA 02 A 4305,2021-11-21T05:30:00,76.2
ALOG-00000666,ANPR-1117,VEH-00000240,KA 02 A 4305,2021-11-21T05:35:00,22.3
ALOG-00000667,ANPR-1111,VEH-00000240,KA 02 A 4305,2021-11-22T21:25:00,29.0
ALOG-00000668,ANPR-1111,VEH-00000240,KA 02 A 4305,2021-11-22T21:30:00,32.8
ALOG-00000669,ANPR-1111,VEH-00000240,KA 02 A 4305,2021-11-22T21:35:00,42.8
ALOG-00000670,ANPR-1111,VEH-00000240,KA 02 A 4305,2021-11-22T21:40:00,28.3
ALOG-00000671,ANPR-1111,VEH-00000240,KA 02 A 4305,2021-11-22T21:45:00,36.5
ALOG-00000672,ANPR-1125,VEH-00000240,KA 02 A 4305,2021-11-25T05:10:00,32.0
ALOG-00000673,ANPR-1125,VEH-00000240,KA 02 A 4305,2021-11-25T05:15:00,65.5
ALOG-00000674,ANPR-1125,VEH-00000240,KA 02 A 4305,2021-11-25T05:20:00,68.6
ALOG-00000675,ANPR-1125,VEH-00000240,KA 02 A 4305,2021-11-25T05:25:00,22.2
ALOG-00000676,ANPR-1125,VEH-00000240,KA 02 A 4305,2021-11-25T05:30:00,76.1
ALOG-00000677,ANPR-1125,VEH-00000240,KA 02 A 4305,2021-11-25T05:35:00,36.5
ALOG-00000678,ANPR-1123,VEH-00000240,KA 02 A 4305,2021-11-26T03:42:00,60.1
ALOG-00000679,ANPR-1123,VEH-00000240,KA 02 A 4301,2021-11-26T03:47:00,61.1
ALOG-00000680,ANPR-1123,VEH-00000240,KA 02 A 4301,2021-11-26T03:52:00,36.8
ALOG-00000681,ANPR-1123,VEH-00000240,KA 02 A 4305,2021-11-26T03:57:00,71.2
ALOG-00000682,ANPR-1123,VEH-00000240,KA 02 A 4305,2021-11-26T04:02:00,29.3
ALOG-00000683,ANPR-1123,VEH-00000240,KA 02 A 4305,2021-11-26T04:07:00,28.4
ALOG-00000684,ANPR-1123,VEH-00000240,KA 02 A 4305,2021-11-26T04:12:00,37.7
ALOG-00000685,ANPR-1081,VEH-00000436,KA 32 N 6683,2021-11-27T22:25:00,25.3
ALOG-00000686,ANPR-1081,VEH-00000436,KA 32 N 6683,2021-11-27T22:30:00,46.9
ALOG-00000687,ANPR-1081,VEH-00000436,KA 32 N 6683,2021-11-27T22:35:00,40.3
ALOG-00000688,ANPR-1081,VEH-00000436,KA 32 N 6683,2021-11-27T22:40:00,22.6
ALOG-00000689,ANPR-1081,VEH-00000436,KA 32 N 6683,2021-11-27T22:45:00,57.4
ALOG-00000690,ANPR-1081,VEH-00000436,KA 32 N 6683,2021-11-27T22:50:00,42.9
ALOG-00000691,ANPR-1081,VEH-00000436,KA 32 N 6683,2021-11-27T22:55:00,77.7
ALOG-00000692,ANPR-1128,VEH-00000240,KA 02 A 4305,2021-11-29T04:38:00,50.3
ALOG-00000693,ANPR-1128,VEH-00000240,KA 02 A 4305,2021-11-29T04:43:00,26.8
ALOG-00000694,ANPR-1128,VEH-00000240,KA 02 A 4305,2021-11-29T04:48:00,33.9
ALOG-00000695,ANPR-1128,VEH-00000240,KA 02 A 4305,2021-11-29T04:53:00,64.5
ALOG-00000696,ANPR-1128,VEH-00000240,KA 02 A 4305,2021-11-29T04:58:00,30.5
ALOG-00000697,ANPR-1128,VEH-00000240,KA 02 A 4305,2021-11-29T05:03:00,57.8
ALOG-00000698,ANPR-1121,VEH-00000240,KA 02 A 4305,2021-11-30T05:32:00,36.7
ALOG-00000699,ANPR-1121,VEH-00000240,KA 02 A 4305,2021-11-30T05:37:00,23.6
ALOG-00000700,ANPR-0774,VEH-00000978,KA 27 P 6248,2021-12-04T08:36:00,40.6
ALOG-00000701,ANPR-0774,VEH-00000978,KA 27 P 6248,2021-12-04T08:41:00,78.7
ALOG-00000702,ANPR-0774,VEH-00000978,KA 27 P 6248,2021-12-04T08:46:00,54.2
ALOG-00000703,ANPR-0774,VEH-00000978,KA 27 P 6241,2021-12-04T10:31:00,59.0
ALOG-00000704,ANPR-0774,VEH-00000978,KA 27 P 6248,2021-12-04T10:36:00,53.8
ALOG-00000705,ANPR-0043,VEH-00001234,KA 35 C 7224,2021-12-04T12:12:00,75.6
ALOG-00000706,ANPR-0794,VEH-00000978,KA 27 P 6248,2021-12-07T12:52:00,52.1
ALOG-00000707,ANPR-0794,VEH-00000978,KA 27 P 6248,2021-12-07T12:57:00,33.4
ALOG-00000708,ANPR-0794,VEH-00000978,KA 27 P 6248,2021-12-07T13:02:00,69.7
ALOG-00000709,ANPR-0794,VEH-00000978,KA 27 P 6248,2021-12-07T13:07:00,47.9
ALOG-00000710,ANPR-0794,VEH-00000978,KA 27 P 6248,2021-12-07T13:12:00,63.5
ALOG-00000711,ANPR-0794,VEH-00000978,KA 27 P 6248,2021-12-07T13:17:00,43.2
ALOG-00000712,ANPR-0794,VEH-00000978,KA 27 P 6248,2021-12-07T13:22:00,70.6
ALOG-00000713,ANPR-0794,VEH-00000978,KA 27 P 624A,2021-12-07T13:27:00,40.8
ALOG-00000714,ANPR-0915,VEH-00000240,KA 02 A 4305,2021-12-07T05:10:00,37.9
ALOG-00000715,ANPR-0915,VEH-00000240,KA 02 A 4305,2021-12-07T05:15:00,43.8
ALOG-00000716,ANPR-0915,VEH-00000240,KA 02 A 4305,2021-12-07T05:20:00,38.7
ALOG-00000717,ANPR-0915,VEH-00000240,KA 02 A 4305,2021-12-07T05:25:00,25.6
ALOG-00000718,ANPR-0915,VEH-00000240,KA 02 A 4305,2021-12-07T05:30:00,76.8
ALOG-00000719,ANPR-0766,VEH-00000978,KA 27 P 6248,2021-12-08T09:46:00,40.0
ALOG-00000720,ANPR-0794,VEH-00000978,KA 27 P 6248,2021-12-09T04:03:00,79.1
ALOG-00000721,ANPR-0794,VEH-00000978,KA 27 P 6248,2021-12-09T04:08:00,53.6
ALOG-00000722,ANPR-0794,VEH-00000978,KA 27 P 6248,2021-12-09T04:13:00,41.6
ALOG-00000723,ANPR-0794,VEH-00000978,KA 27 P 6241,2021-12-09T04:18:00,28.3
ALOG-00000724,ANPR-0794,VEH-00000978,KA 27 P 6248,2021-12-09T04:23:00,39.9
ALOG-00000725,ANPR-0794,VEH-00000978,KA 27 P 6248,2021-12-09T04:28:00,47.2
ALOG-00000726,ANPR-0050,VEH-00000678,KA 05 P 5178,2021-12-12T08:55:00,58.6
ALOG-00000727,ANPR-0050,VEH-00000678,KA 05 P 517A,2021-12-12T09:00:00,44.0
ALOG-00000728,ANPR-0050,VEH-00000678,KA 05 P 5178,2021-12-12T09:05:00,48.1
ALOG-00000729,ANPR-0050,VEH-00000678,KA 05 P 5178,2021-12-12T09:10:00,35.8
ALOG-00000730,ANPR-0050,VEH-00000678,KA 05 P 5178,2021-12-12T09:15:00,61.1
ALOG-00000731,ANPR-0050,VEH-00000678,KA 05 P 5178,2021-12-12T09:20:00,36.2
ALOG-00000732,ANPR-0050,VEH-00000678,KA 05 P 5178,2021-12-12T09:25:00,47.1
ALOG-00000733,ANPR-0773,VEH-00000978,KA 27 P 6248,2021-12-14T09:21:00,21.9
ALOG-00000734,ANPR-0947,VEH-00000240,KA 02 A 4305,2021-12-15T05:24:00,49.5
ALOG-00000735,ANPR-0947,VEH-00000240,KA 02 A 4305,2021-12-15T05:29:00,20.2
ALOG-00000736,ANPR-0947,VEH-00000240,KA 02 A 4305,2021-12-15T05:34:00,72.0
ALOG-00000737,ANPR-0947,VEH-00000240,KA 02 A 4305,2021-12-15T05:39:00,25.6
ALOG-00000738,ANPR-0925,VEH-00000240,KA 02 A 4305,2021-12-21T17:02:00,75.0
ALOG-00000739,ANPR-0925,VEH-00000240,KA 02 A 4305,2021-12-21T17:07:00,49.9
ALOG-00000740,ANPR-0925,VEH-00000240,KA 02 A 4305,2021-12-21T17:12:00,55.7
ALOG-00000741,ANPR-0925,VEH-00000240,KA 02 A 4305,2021-12-21T17:17:00,45.2
ALOG-00000742,ANPR-0925,VEH-00000240,KA 02 A 4305,2021-12-21T17:22:00,68.0
ALOG-00000743,ANPR-0925,VEH-00000240,KA 02 A 4305,2021-12-21T17:27:00,55.0
ALOG-00000744,ANPR-0776,VEH-00000978,KA 27 P 6248,2021-12-23T08:01:00,68.3
ALOG-00000745,ANPR-0776,VEH-00000978,KA 27 P 6248,2021-12-23T08:06:00,36.0
ALOG-00000746,ANPR-0776,VEH-00000978,KA 27 P 6248,2021-12-23T08:11:00,45.6
ALOG-00000747,ANPR-0776,VEH-00000978,KA 27 P 6248,2021-12-23T08:16:00,72.3
ALOG-00000748,ANPR-0776,VEH-00000978,KA 27 P 6248,2021-12-23T08:21:00,52.2
ALOG-00000749,ANPR-0776,VEH-00000978,KA 27 P 6248,2021-12-23T08:26:00,48.8
ALOG-00000750,ANPR-0776,VEH-00000978,KA 27 P 6248,2021-12-23T08:31:00,49.6
ALOG-00000751,ANPR-0948,VEH-00000240,KA 02 A 4305,2021-12-26T05:14:00,38.6
ALOG-00000752,ANPR-0948,VEH-00000240,KA 02 A 4305,2021-12-26T05:19:00,61.4
ALOG-00000753,ANPR-0948,VEH-00000240,KA 02 A 4305,2021-12-26T05:24:00,20.3
ALOG-00000754,ANPR-0948,VEH-00000240,KA 02 A 4305,2021-12-26T05:29:00,69.2
ALOG-00000755,ANPR-0948,VEH-00000240,KA 02 A 4305,2021-12-26T05:34:00,43.8
ALOG-00000756,ANPR-0948,VEH-00000240,KA 02 A 430B,2021-12-26T05:39:00,47.9
ALOG-00000757,ANPR-0948,VEH-00000240,KA 02 A 4305,2021-12-26T06:04:00,34.8
ALOG-00000758,ANPR-0948,VEH-00000240,KA 02 A 4305,2021-12-26T06:09:00,68.4
ALOG-00000759,ANPR-0948,VEH-00000240,KA 02 A 4305,2021-12-26T06:14:00,59.2
ALOG-00000760,ANPR-0947,VEH-00000240,KA 02 A 4305,2021-12-26T06:49:00,74.9
ALOG-00000761,ANPR-0800,VEH-00000978,KA 27 P 6241,2021-12-29T10:00:00,74.3
ALOG-00000762,ANPR-0800,VEH-00000978,KA 27 P 6248,2021-12-29T10:05:00,70.5
ALOG-00000763,ANPR-0800,VEH-00000978,KA 27 P 6248,2021-12-29T10:10:00,58.6
ALOG-00000764,ANPR-0800,VEH-00000978,KA 27 P 6248,2021-12-29T10:15:00,75.0
ALOG-00000765,ANPR-0800,VEH-00000978,KA 27 P 6248,2021-12-29T10:20:00,64.6
ALOG-00000766,ANPR-0800,VEH-00000978,KA 27 P 6248,2021-12-29T10:25:00,20.9
ALOG-00000767,ANPR-0800,VEH-00000978,KA 27 P 6248,2021-12-29T10:30:00,20.8
ALOG-00000768,ANPR-0800,VEH-00000978,KA 27 P 6248,2021-12-29T10:35:00,35.5
