source_id,target_id,relationship_type,strength,start_year
CRM-0000000,CIT-00000455,FAMILY,0.59,2014
CRM-0000000,CRM-0000097,BUSINESS,0.48,2018
CRM-0000000,CRM-0000001,BUSINESS,0.18,2006
CRM-0000000,CRM-0000112,LOAN,0.15,2018
CRM-0000000,CIT-00003290,FORMER_CELLMATE,0.14,2011
CRM-0000000,CRM-0000057,FRIEND,0.53,2017
CRM-0000001,CIT-00001494,BUSINESS,0.27,2009
CRM-0000001,CIT-00004186,NEIGHBOUR,0.63,2012
CRM-0000001,CIT-00002394,NEIGHBOUR,0.24,2013
CRM-0000001,CIT-00002299,FORMER_CELLMATE,0.73,2017
CRM-0000001,CRM-0000195,LOAN,0.13,2016
CRM-0000001,CIT-00003478,NEIGHBOUR,0.8,2017
CRM-0000002,CIT-00004424,FRIEND,0.99,2008
CRM-0000002,CIT-00000518,NEIGHBOUR,0.95,2019
CRM-0000002,CIT-00004540,FORMER_CELLMATE,0.93,2017
CRM-0000003,CRM-0000005,BUSINESS,0.46,2016
CRM-0000003,CRM-0000024,LOAN,0.69,2018
CRM-0000003,CIT-00001084,FORMER_CELLMATE,0.96,2019
CRM-0000003,CIT-00002498,FRIEND,0.75,2015
CRM-0000004,CRM-0000188,BUSINESS,0.47,2006
CRM-0000004,CIT-00000786,FRIEND,0.53,2013
CRM-0000004,CIT-00002769,FORMER_CELLMATE,0.89,2018
CRM-0000004,CIT-00000142,FORMER_CELLMATE,0.86,2018
CRM-0000004,CRM-0000096,BUSINESS,0.32,2018
CRM-0000005,CIT-00004381,LOAN,0.29,2012
CRM-0000005,CIT-00001579,BUSINESS,0.56,2014
CRM-0000005,CIT-00001221,FRIEND,0.28,2008
CRM-0000006,CRM-0000238,LOAN,0.85,2014
CRM-0000006,CRM-0000224,FRIEND,0.59,2010
CRM-0000006,CIT-00001254,LOAN,0.32,2017
CRM-0000006,CRM-0000213,LOAN,0.1,2010
CRM-0000006,CIT-00004972,FAMILY,0.87,2014
CRM-0000007,CIT-00002129,FORMER_CELLMATE,0.96,2014
CRM-0000007,CIT-00003063,FAMILY,0.13,2014
CRM-0000008,CIT-00002267,FAMILY,0.87,2014
CRM-0000008,CIT-00000723,NEIGHBOUR,0.52,2013
CRM-0000008,CIT-00002264,NEIGHBOUR,0.93,2015
CRM-0000008,CIT-00000760,FAMILY,0.56,2014
CRM-0000009,CRM-0000021,BUSINESS,0.85,2010
CRM-0000009,CIT-00001808,LOAN,0.24,2019
CRM-0000010,CRM-0000098,LOAN,0.77,2008
CRM-0000010,CIT-00000486,BUSINESS,0.66,2013
CRM-0000010,CIT-00002646,FRIEND,0.52,2017
CRM-0000010,CRM-0000144,FRIEND,0.58,2007
CRM-0000010,CIT-00002558,FORMER_CELLMATE,0.79,2007
CRM-0000011,CIT-00001964,BUSINESS,0.83,2016
CRM-0000011,CIT-00004228,FAMILY,0.71,2007
CRM-0000012,CIT-00002263,LOAN,0.24,2015
CRM-0000012,CRM-0000078,FORMER_CELLMATE,0.9,2009
CRM-0000012,CRM-0000175,BUSINESS,0.9,2017
CRM-0000012,CIT-00003055,FRIEND,0.75,2015
CRM-0000012,CRM-0000089,BUSINESS,0.47,2009
CRM-0000013,CIT-00000158,NEIGHBOUR,0.98,2017
CRM-0000013,CIT-00000961,FRIEND,0.99,2020
CRM-0000013,CIT-00003942,NEIGHBOUR,0.78,2017
CRM-0000013,CIT-00000395,LOAN,0.51,2019
CRM-0000013,CIT-00004795,FAMILY,0.63,2018
CRM-0000013,CRM-0000107,FRIEND,0.29,2010
CRM-0000014,CIT-00001944,FRIEND,0.72,2013
CRM-0000014,CIT-00003368,LOAN,0.31,2008
CRM-0000014,CIT-00003056,FORMER_CELLMATE,0.92,2015
CRM-0000014,CRM-0000233,FORMER_CELLMATE,0.89,2018
CRM-0000015,CIT-00001208,LOAN,0.12,2017
CRM-0000015,CIT-00003531,LOAN,1.0,2017
CRM-0000015,CIT-00000930,FORMER_CELLMATE,0.13,2010
CRM-0000016,CIT-00002826,FAMILY,0.59,2017
CRM-0000016,CIT-00000497,LOAN,0.6,2010
CRM-0000017,CIT-00004670,FRIEND,0.36,2012
CRM-0000017,CIT-00002987,LOAN,0.95,2010
CRM-0000018,CIT-00001779,FRIEND,0.74,2017
CRM-0000018,CIT-00000849,FORMER_CELLMATE,0.79,2013
CRM-0000019,CIT-00003278,BUSINESS,0.12,2020
CRM-0000019,CIT-00000403,FORMER_CELLMATE,0.59,2013
CRM-0000020,CRM-0000174,FORMER_CELLMATE,0.87,2020
CRM-0000020,CIT-00004591,BUSINESS,0.7,2014
CRM-0000020,CRM-0000184,FORMER_CELLMATE,0.22,2008
CRM-0000020,CRM-0000234,BUSINESS,0.38,2010
CRM-0000021,CIT-00004084,NEIGHBOUR,0.98,2006
CRM-0000021,CRM-0000196,FRIEND,0.56,2019
CRM-0000021,CIT-00001102,FAMILY,1.0,2018
CRM-0000021,CIT-00000174,FORMER_CELLMATE,0.36,2011
CRM-0000021,CIT-00001215,FRIEND,0.74,2010
CRM-0000021,CIT-00000702,FRIEND,0.84,2019
CRM-0000022,CRM-0000188,BUSINESS,0.48,2017
CRM-0000022,CIT-00000510,FRIEND,0.93,2019
CRM-0000023,CIT-00002039,LOAN,0.38,2013
CRM-0000023,CRM-0000126,FRIEND,0.77,2020
CRM-0000023,CRM-0000045,FRIEND,0.26,2010
CRM-0000024,CIT-00000402,FRIEND,0.16,2018
CRM-0000024,CRM-0000059,FRIEND,0.96,2007
CRM-0000024,CIT-00000034,LOAN,0.78,2007
CRM-0000024,CIT-00000213,FORMER_CELLMATE,0.37,2018
CRM-0000024,CIT-00003922,FAMILY,0.48,2010
CRM-0000024,CIT-00002890,FAMILY,0.83,2012
CRM-0000025,CIT-00001981,FAMILY,0.71,2010
CRM-0000025,CRM-0000053,BUSINESS,0.76,2019
CRM-0000025,CIT-00000024,LOAN,0.28,2015
CRM-0000025,CRM-0000066,FORMER_CELLMATE,0.6,2011
CRM-0000026,CRM-0000240,FRIEND,0.86,2009
CRM-0000026,CIT-00002330,BUSINESS,0.44,2018
CRM-0000027,CRM-0000063,FORMER_CELLMATE,0.97,2015
CRM-0000027,CRM-0000125,BUSINESS,0.45,2013
CRM-0000027,CIT-00000465,FORMER_CELLMATE,0.31,2020
CRM-0000027,CIT-00004692,BUSINESS,0.22,2014
CRM-0000028,CIT-00002255,FRIEND,1.0,2018
CRM-0000028,CRM-0000216,BUSINESS,0.13,2020
CRM-0000029,CIT-00002378,BUSINESS,0.14,2014
CRM-0000029,CIT-00000266,LOAN,0.34,2016
CRM-0000029,CIT-00003100,NEIGHBOUR,0.3,2013
CRM-0000029,CIT-00002399,BUSINESS,0.85,2006
CRM-0000029,CIT-00001685,NEIGHBOUR,0.42,2015
CRM-0000029,CIT-00000704,FRIEND,0.84,2019
CRM-0000030,CRM-0000042,LOAN,0.42,2011
CRM-0000030,CIT-00001581,NEIGHBOUR,0.88,2011
CRM-0000031,CIT-00004062,LOAN,0.94,2007
CRM-0000031,CIT-00000073,FORMER_CELLMATE,0.14,2008
CRM-0000031,CIT-00004639,FAMILY,0.71,2014
CRM-0000031,CIT-00003998,BUSINESS,0.84,2016
CRM-0000032,CRM-0000241,LOAN,0.24,2012
CRM-0000032,CRM-0000087,FORMER_CELLMATE,0.56,2013
CRM-0000033,CIT-00003583,NEIGHBOUR,0.66,2017
CRM-0000033,CIT-00003160,FRIEND,0.14,2009
CRM-0000033,CIT-00001122,NEIGHBOUR,0.67,2007
CRM-0000033,CIT-00004861,BUSINESS,0.63,2018
CRM-0000033,CRM-0000171,LOAN,0.31,2020
CRM-0000034,CIT-00002824,BUSINESS,0.57,2020
CRM-0000034,CRM-0000177,FRIEND,0.56,2013
CRM-0000034,CIT-00003120,FORMER_CELLMATE,1.0,2006
CRM-0000034,CRM-0000088,LOAN,0.41,2007
CRM-0000034,CRM-0000225,FORMER_CELLMATE,0.87,2015
CRM-0000034,CRM-0000002,FRIEND,0.83,2006
CRM-0000035,CIT-00001291,NEIGHBOUR,0.6,2006
CRM-0000035,CIT-00001559,LOAN,0.38,2007
CRM-0000035,CIT-00002458,NEIGHBOUR,0.84,2015
CRM-0000035,CIT-00004506,NEIGHBOUR,0.82,2013
CRM-0000036,CRM-0000170,LOAN,0.58,2009
CRM-0000036,CRM-0000031,BUSINESS,0.52,2019
CRM-0000036,CIT-00000896,FAMILY,0.52,2016
CRM-0000036,CRM-0000206,BUSINESS,0.13,2016
CRM-0000036,CIT-00001366,FRIEND,0.81,2008
CRM-0000037,CIT-00003395,BUSINESS,0.33,2010
CRM-0000037,CIT-00001385,LOAN,0.66,2009
CRM-0000038,CIT-00004311,FORMER_CELLMATE,0.93,2015
CRM-0000038,CRM-0000058,FORMER_CELLMATE,0.51,2018
CRM-0000038,CIT-00004651,FORMER_CELLMATE,0.72,2010
CRM-0000038,CIT-00000889,NEIGHBOUR,0.81,2013
CRM-0000038,CIT-00004824,NEIGHBOUR,0.45,2015
CRM-0000038,CIT-00004605,FRIEND,0.79,2020
CRM-0000039,CIT-00003033,FRIEND,0.23,2014
CRM-0000039,CIT-00001920,FAMILY,0.38,2019
CRM-0000039,CRM-0000090,LOAN,0.26,2015
CRM-0000039,CRM-0000153,BUSINESS,0.93,2015
CRM-0000039,CIT-00003169,NEIGHBOUR,0.28,2009
CRM-0000039,CIT-00000544,FORMER_CELLMATE,0.65,2017
CRM-0000040,CIT-00000836,BUSINESS,0.93,2014
CRM-0000040,CIT-00000721,BUSINESS,0.21,2014
CRM-0000040,CIT-00001140,FORMER_CELLMATE,0.61,2019
CRM-0000040,CRM-0000191,BUSINESS,0.39,2015
CRM-0000040,CRM-0000228,FRIEND,0.33,2016
CRM-0000041,CIT-00004685,FAMILY,0.48,2012
CRM-0000041,CRM-0000224,LOAN,0.88,2015
CRM-0000041,CRM-0000174,BUSINESS,0.46,2019
CRM-0000041,CIT-00000013,LOAN,0.29,2019
CRM-0000041,CRM-0000174,FRIEND,0.59,2012
CRM-0000041,CIT-00004854,FAMILY,0.67,2019
CRM-0000042,CIT-00003150,FAMILY,0.71,2008
CRM-0000042,CIT-00004755,BUSINESS,0.52,2020
CRM-0000042,CRM-0000158,BUSINESS,0.92,2018
CRM-0000042,CIT-00004120,BUSINESS,0.38,2011
CRM-0000043,CRM-0000171,FORMER_CELLMATE,0.87,2012
CRM-0000043,CIT-00000342,FAMILY,0.9,2020
CRM-0000044,CIT-00000961,FORMER_CELLMATE,0.64,2007
CRM-0000044,CRM-0000244,LOAN,0.96,2008
CRM-0000044,CRM-0000198,LOAN,0.66,2014
CRM-0000044,CIT-00003453,LOAN,0.39,2013
CRM-0000044,CIT-00000339,LOAN,0.23,2013
CRM-0000044,CIT-00003404,LOAN,0.6,2020
CRM-0000045,CIT-00000221,FAMILY,0.66,2016
CRM-0000045,CRM-0000101,BUSINESS,0.16,2014
CRM-0000045,CRM-0000116,BUSINESS,0.41,2008
CRM-0000045,CIT-00003135,FRIEND,0.26,2016
CRM-0000045,CRM-0000240,BUSINESS,0.68,2006
CRM-0000046,CIT-00002773,FORMER_CELLMATE,0.16,2011
CRM-0000046,CIT-00000877,BUSINESS,0.21,2016
CRM-0000047,CRM-0000130,FORMER_CELLMATE,0.3,2012
CRM-0000047,CIT-00001324,FORMER_CELLMATE,0.69,2007
CRM-0000048,CIT-00002048,FORMER_CELLMATE,0.61,2013
CRM-0000048,CIT-00002675,FORMER_CELLMATE,0.78,2015
CRM-0000048,CIT-00000690,BUSINESS,0.47,2018
CRM-0000049,CIT-00000827,FAMILY,0.56,2015
CRM-0000049,CRM-0000191,BUSINESS,0.67,2006
CRM-0000050,CIT-00003608,NEIGHBOUR,0.97,2009
CRM-0000050,CIT-00000481,FORMER_CELLMATE,0.66,2008
CRM-0000050,CIT-00001021,BUSINESS,0.72,2006
CRM-0000050,CIT-00001080,FRIEND,1.0,2014
CRM-0000050,CIT-00004797,FRIEND,0.68,2012
CRM-0000050,CRM-0000096,BUSINESS,0.32,2014
CRM-0000051,CRM-0000204,LOAN,0.64,2020
CRM-0000051,CIT-00002662,LOAN,0.53,2009
CRM-0000052,CIT-00004228,FRIEND,0.67,2012
CRM-0000052,CIT-00000006,FAMILY,0.47,2008
CRM-0000052,CIT-00001350,BUSINESS,0.69,2007
CRM-0000052,CRM-0000112,FORMER_CELLMATE,0.85,2015
CRM-0000052,CIT-00003760,FAMILY,0.45,2016
CRM-0000053,CIT-00000059,FORMER_CELLMATE,0.66,2010
CRM-0000053,CIT-00003102,LOAN,0.76,2013
CRM-0000053,CRM-0000186,FRIEND,0.24,2012
CRM-0000053,CRM-0000238,LOAN,0.59,2018
CRM-0000054,CIT-00001346,FAMILY,0.34,2012
CRM-0000054,CIT-00001415,BUSINESS,0.62,2014
CRM-0000054,CRM-0000179,FORMER_CELLMATE,0.95,2013
CRM-0000054,CIT-00000181,NEIGHBOUR,0.2,2007
CRM-0000054,CRM-0000155,LOAN,0.81,2016
CRM-0000054,CIT-00001331,BUSINESS,0.88,2010
CRM-0000055,CIT-00001505,LOAN,0.94,2011
CRM-0000055,CIT-00003201,FORMER_CELLMATE,0.72,2020
CRM-0000055,CIT-00001480,FRIEND,0.28,2007
CRM-0000055,CRM-0000128,LOAN,0.71,2015
CRM-0000055,CIT-00004682,BUSINESS,0.83,2006
CRM-0000056,CIT-00003971,LOAN,0.81,2006
CRM-0000056,CIT-00000236,FRIEND,0.98,2020
CRM-0000056,CRM-0000091,FORMER_CELLMATE,0.34,2018
CRM-0000056,CIT-00004107,BUSINESS,0.81,2007
CRM-0000056,CIT-00002411,FORMER_CELLMATE,0.32,2019
CRM-0000056,CRM-0000167,FORMER_CELLMATE,0.45,2006
CRM-0000057,CIT-00001466,FRIEND,0.59,2014
CRM-0000057,CIT-00002555,LOAN,0.71,2011
CRM-0000057,CRM-0000241,BUSINESS,0.19,2019
CRM-0000057,CIT-00003753,FRIEND,0.95,2012
CRM-0000058,CRM-0000106,BUSINESS,0.93,2016
CRM-0000058,CIT-00003963,FAMILY,0.23,2014
CRM-0000058,CIT-00001969,BUSINESS,0.43,2010
CRM-0000058,CIT-00003698,FORMER_CELLMATE,0.84,2014
CRM-0000059,CIT-00003138,FORMER_CELLMATE,0.33,2019
CRM-0000059,CRM-0000028,FRIEND,0.57,2018
CRM-0000060,CIT-00004836,LOAN,0.66,2008
CRM-0000060,CIT-00004869,NEIGHBOUR,0.96,2011
CRM-0000061,CIT-00003145,FRIEND,0.71,2017
CRM-0000061,CIT-00002441,BUSINESS,0.43,2012
CRM-0000061,CIT-00001077,FORMER_CELLMATE,0.21,2008
CRM-0000061,CRM-0000092,LOAN,0.58,2010
CRM-0000061,CRM-0000172,FORMER_CELLMATE,0.13,2013
CRM-0000062,CRM-0000028,LOAN,0.17,2019
CRM-0000062,CIT-00000030,FORMER_CELLMATE,0.71,2013
CRM-0000062,CIT-00001367,LOAN,0.63,2013
CRM-0000062,CIT-00001367,FORMER_CELLMATE,0.61,2011
CRM-0000062,CIT-00004061,BUSINESS,0.46,2015
CRM-0000062,CIT-00003416,FORMER_CELLMATE,0.83,2017
CRM-0000063,CIT-00003448,BUSINESS,0.75,2018
CRM-0000063,CIT-00002213,FAMILY,0.72,2020
CRM-0000063,CIT-00004235,FAMILY,0.31,2016
CRM-0000063,CIT-00004786,NEIGHBOUR,0.96,2014
CRM-0000063,CIT-00004883,FRIEND,0.31,2020
CRM-0000063,CRM-0000079,LOAN,0.24,2008
CRM-0000064,CIT-00003507,FAMILY,0.93,2016
CRM-0000064,CIT-00001409,FRIEND,0.41,2012
CRM-0000064,CIT-00000613,BUSINESS,0.69,2020
CRM-0000064,CIT-00004354,BUSINESS,0.18,2019
CRM-0000064,CRM-0000110,BUSINESS,0.59,2014
CRM-0000065,CIT-00000844,FAMILY,0.52,2012
CRM-0000065,CIT-00002329,FRIEND,0.59,2014
CRM-0000066,CIT-00001853,BUSINESS,0.59,2015
CRM-0000066,CRM-0000242,FRIEND,0.21,2009
CRM-0000066,CIT-00000394,FRIEND,0.79,2006
CRM-0000066,CRM-0000151,FORMER_CELLMATE,0.68,2010
CRM-0000066,CIT-00000850,FORMER_CELLMATE,0.38,2007
CRM-0000067,CRM-0000045,BUSINESS,0.46,2013
CRM-0000067,CIT-00001121,BUSINESS,0.8,2015
CRM-0000068,CRM-0000182,FORMER_CELLMATE,0.71,2019
CRM-0000068,CRM-0000018,FORMER_CELLMATE,0.81,2015
CRM-0000068,CRM-0000099,LOAN,0.67,2012
CRM-0000068,CIT-00001231,NEIGHBOUR,0.3,2011
CRM-0000068,CRM-0000113,BUSINESS,0.19,2011
CRM-0000069,CIT-00001500,BUSINESS,0.1,2009
CRM-0000069,CIT-00003096,FAMILY,0.25,2019
CRM-0000069,CIT-00001344,FORMER_CELLMATE,0.31,2018
CRM-0000069,CIT-00004004,FAMILY,0.97,2016
CRM-0000070,CRM-0000042,FORMER_CELLMATE,0.27,2012
CRM-0000070,CRM-0000198,BUSINESS,0.24,2006
CRM-0000070,CRM-0000093,FRIEND,0.33,2007
CRM-0000070,CIT-00003969,FORMER_CELLMATE,0.87,2015
CRM-0000071,CRM-0000131,FORMER_CELLMATE,0.23,2007
CRM-0000071,CRM-0000182,BUSINESS,0.8,2016
CRM-0000071,CIT-00003878,BUSINESS,0.83,2013
CRM-0000071,CRM-0000132,LOAN,0.13,2007
CRM-0000072,CRM-0000000,FORMER_CELLMATE,0.18,2013
CRM-0000072,CIT-00004496,LOAN,0.33,2017
CRM-0000072,CIT-00002066,FAMILY,0.95,2008
CRM-0000073,CRM-0000158,LOAN,0.68,2012
CRM-0000073,CRM-0000105,FORMER_CELLMATE,0.49,2014
CRM-0000073,CIT-00000587,LOAN,0.92,2017
CRM-0000073,CIT-00004918,BUSINESS,0.59,2008
CRM-0000074,CIT-00001288,BUSINESS,0.41,2017
CRM-0000074,CIT-00003153,BUSINESS,0.34,2007
CRM-0000075,CIT-00001038,BUSINESS,0.64,2006
CRM-0000075,CRM-0000120,LOAN,0.5,2009
CRM-0000076,CIT-00003686,FRIEND,0.42,2009
CRM-0000076,CIT-00003779,FRIEND,0.79,2015
CRM-0000077,CIT-00002880,BUSINESS,0.27,2008
CRM-0000077,CIT-00004973,FAMILY,0.2,2016
CRM-0000078,CIT-00000282,BUSINESS,0.4,2015
CRM-0000078,CIT-00004887,NEIGHBOUR,0.73,2011
CRM-0000078,CIT-00004902,FAMILY,0.37,2017
CRM-0000078,CIT-00002963,LOAN,0.15,2016
CRM-0000078,CIT-00003027,NEIGHBOUR,0.33,2018
CRM-0000079,CIT-00003115,FRIEND,0.82,2013
CRM-0000079,CRM-0000159,FRIEND,0.91,2007
CRM-0000079,CIT-00000600,FORMER_CELLMATE,0.32,2019
CRM-0000079,CIT-00001081,BUSINESS,0.3,2019
CRM-0000079,CRM-0000223,BUSINESS,0.88,2011
CRM-0000079,CIT-00002172,NEIGHBOUR,0.73,2007
CRM-0000080,CIT-00001827,NEIGHBOUR,0.25,2019
CRM-0000080,CIT-00001594,FAMILY,0.23,2020
CRM-0000080,CIT-00002441,LOAN,0.75,2011
CRM-0000081,CIT-00004463,FAMILY,0.58,2016
CRM-0000081,CIT-00002752,NEIGHBOUR,0.65,2019
CRM-0000082,CRM-0000140,LOAN,0.48,2017
CRM-0000082,CIT-00004329,FRIEND,0.7,2019
CRM-0000083,CIT-00001673,FORMER_CELLMATE,0.65,2010
CRM-0000083,CIT-00003536,NEIGHBOUR,0.55,2020
CRM-0000084,CIT-00001538,BUSINESS,0.56,2006
CRM-0000084,CIT-00002044,LOAN,0.33,2014
CRM-0000084,CIT-00002475,LOAN,0.41,2008
CRM-0000084,CIT-00002530,FRIEND,0.71,2014
CRM-0000084,CIT-00002151,BUSINESS,0.56,2017
CRM-0000085,CIT-00004003,FORMER_CELLMATE,0.55,2007
CRM-0000085,CIT-00003733,FAMILY,0.33,2013
CRM-0000085,CIT-00003460,BUSINESS,0.32,2006
CRM-0000085,CIT-00001796,FORMER_CELLMATE,0.49,2013
CRM-0000086,CIT-00001203,NEIGHBOUR,1.0,2020
CRM-0000086,CIT-00000149,FAMILY,0.2,2018
CRM-0000086,CRM-0000220,BUSINESS,0.31,2013
CRM-0000086,CRM-0000089,BUSINESS,0.32,2016
CRM-0000087,CIT-00001872,NEIGHBOUR,0.47,2010
CRM-0000087,CIT-00001769,BUSINESS,0.63,2015
CRM-0000087,CRM-0000076,FRIEND,0.65,2020
CRM-0000087,CRM-0000167,BUSINESS,0.15,2019
CRM-0000087,CRM-0000225,BUSINESS,0.71,2017
CRM-0000087,CIT-00002434,FAMILY,0.38,2020
CRM-0000088,CIT-00003909,BUSINESS,0.82,2011
CRM-0000088,CIT-00004270,NEIGHBOUR,0.19,2007
CRM-0000088,CIT-00000680,FAMILY,0.54,2011
CRM-0000089,CIT-00003438,BUSINESS,0.81,2015
CRM-0000089,CIT-00003975,FRIEND,0.52,2015
CRM-0000089,CIT-00002137,FRIEND,0.89,2018
CRM-0000089,CIT-00002684,FORMER_CELLMATE,0.82,2008
CRM-0000089,CIT-00000664,FORMER_CELLMATE,0.86,2016
CRM-0000090,CIT-00004025,FRIEND,0.7,2019
CRM-0000090,CRM-0000186,LOAN,0.27,2009
CRM-0000090,CIT-00004945,NEIGHBOUR,0.59,2017
CRM-0000090,CRM-0000024,FRIEND,0.68,2009
CRM-0000091,CIT-00004464,FAMILY,0.42,2010
CRM-0000091,CIT-00003975,BUSINESS,0.41,2014
CRM-0000091,CRM-0000216,BUSINESS,0.69,2019
CRM-0000091,CIT-00002415,FAMILY,0.16,2009
CRM-0000091,CIT-00004349,FRIEND,0.56,2010
CRM-0000092,CRM-0000221,FRIEND,0.13,2011
CRM-0000092,CRM-0000033,BUSINESS,0.92,2010
CRM-0000092,CRM-0000207,BUSINESS,0.63,2013
CRM-0000093,CIT-00001973,NEIGHBOUR,0.69,2010
CRM-0000093,CIT-00000820,NEIGHBOUR,0.98,2010
CRM-0000094,CIT-00001438,FRIEND,0.79,2015
CRM-0000094,CIT-00002002,BUSINESS,0.91,2020
CRM-0000094,CIT-00001449,BUSINESS,0.31,2008
CRM-0000094,CRM-0000142,FRIEND,0.86,2015
CRM-0000094,CRM-0000100,LOAN,0.77,2016
CRM-0000094,CRM-0000172,BUSINESS,0.3,2014
CRM-0000095,CIT-00004521,NEIGHBOUR,0.26,2014
CRM-0000095,CRM-0000194,FORMER_CELLMATE,0.57,2015
CRM-0000095,CRM-0000139,FORMER_CELLMATE,0.59,2012
CRM-0000095,CIT-00001032,BUSINESS,0.73,2013
CRM-0000095,CIT-00002102,FAMILY,0.8,2014
CRM-0000095,CIT-00004649,FORMER_CELLMATE,0.87,2010
CRM-0000096,CRM-0000132,FRIEND,0.6,2008
CRM-0000096,CIT-00003785,NEIGHBOUR,0.8,2018
CRM-0000096,CIT-00004972,BUSINESS,0.18,2011
CRM-0000096,CIT-00003887,BUSINESS,0.78,2017
CRM-0000097,CIT-00002684,BUSINESS,0.48,2015
CRM-0000097,CIT-00003540,LOAN,0.55,2019
CRM-0000097,CIT-00004654,FRIEND,0.14,2015
CRM-0000098,CIT-00002755,LOAN,0.66,2019
CRM-0000098,CRM-0000209,FRIEND,0.21,2020
CRM-0000098,CRM-0000223,LOAN,0.8,2016
CRM-0000098,CRM-0000041,LOAN,0.9,2018
CRM-0000098,CIT-00003826,FRIEND,0.47,2011
CRM-0000098,CRM-0000026,LOAN,0.29,2009
CRM-0000099,CRM-0000130,LOAN,0.34,2009
CRM-0000099,CIT-00003512,FAMILY,0.84,2007
CRM-0000099,CIT-00001604,LOAN,0.91,2019
CRM-0000099,CIT-00002312,FORMER_CELLMATE,0.15,2012
CRM-0000099,CIT-00000792,LOAN,0.82,2016
CRM-0000099,CIT-00001218,LOAN,0.56,2017
CRM-0000100,CIT-00001029,LOAN,0.53,2019
CRM-0000100,CIT-00002535,NEIGHBOUR,0.42,2006
CRM-0000100,CIT-00003014,FORMER_CELLMATE,0.81,2019
CRM-0000100,CIT-00003703,FORMER_CELLMATE,0.74,2008
CRM-0000101,CRM-0000224,FRIEND,0.88,2007
CRM-0000101,CIT-00000746,FRIEND,0.67,2007
CRM-0000102,CIT-00004718,FRIEND,0.33,2016
CRM-0000102,CIT-00002951,NEIGHBOUR,0.28,2013
CRM-0000103,CIT-00003698,FRIEND,0.47,2012
CRM-0000103,CRM-0000186,BUSINESS,0.69,2006
CRM-0000103,CIT-00002359,NEIGHBOUR,0.77,2016
CRM-0000104,CRM-0000042,LOAN,0.64,2010
CRM-0000104,CRM-0000002,LOAN,0.13,2013
CRM-0000104,CRM-0000223,LOAN,0.24,2009
CRM-0000104,CIT-00001046,FAMILY,0.78,2010
CRM-0000104,CRM-0000075,BUSINESS,0.36,2017
CRM-0000104,CIT-00004470,NEIGHBOUR,0.75,2009
CRM-0000105,CIT-00000514,LOAN,0.37,2007
CRM-0000105,CIT-00003004,LOAN,0.6,2006
CRM-0000105,CIT-00004465,BUSINESS,0.32,2018
CRM-0000106,CIT-00001940,FRIEND,0.32,2010
CRM-0000106,CIT-00003648,BUSINESS,0.85,2011
CRM-0000106,CIT-00000616,BUSINESS,0.27,2020
CRM-0000107,CIT-00002960,BUSINESS,0.39,2020
CRM-0000107,CIT-00004893,FRIEND,0.94,2018
CRM-0000107,CRM-0000144,FRIEND,0.3,2007
CRM-0000107,CIT-00000284,FAMILY,0.64,2020
CRM-0000107,CIT-00003294,NEIGHBOUR,0.37,2014
CRM-0000107,CIT-00002413,LOAN,0.8,2008
CRM-0000108,CIT-00003224,FRIEND,0.41,2007
CRM-0000108,CIT-00000774,LOAN,0.59,2008
CRM-0000108,CIT-00004260,BUSINESS,0.81,2011
CRM-0000109,CRM-0000076,LOAN,0.24,2008
CRM-0000109,CIT-00000264,LOAN,0.42,2008
CRM-0000109,CIT-00004420,FORMER_CELLMATE,0.55,2016
CRM-0000109,CIT-00000247,FAMILY,0.74,2007
CRM-0000109,CIT-00003360,FRIEND,0.69,2014
CRM-0000109,CRM-0000036,FRIEND,0.16,2011
CRM-0000110,CRM-0000052,FORMER_CELLMATE,0.89,2020
CRM-0000110,CIT-00003134,FRIEND,0.77,2008
CRM-0000111,CRM-0000050,FRIEND,0.99,2012
CRM-0000111,CIT-00002649,FAMILY,0.44,2013
CRM-0000111,CRM-0000218,FORMER_CELLMATE,0.95,2018
CRM-0000111,CIT-00003805,FORMER_CELLMATE,0.59,2020
CRM-0000112,CIT-00001589,FAMILY,0.32,2015
CRM-0000112,CIT-00000608,FRIEND,0.33,2015
CRM-0000112,CIT-00001032,NEIGHBOUR,0.66,2010
CRM-0000112,CIT-00001945,BUSINESS,0.62,2013
CRM-0000112,CRM-0000022,FORMER_CELLMATE,0.63,2015
CRM-0000113,CIT-00000455,FORMER_CELLMATE,0.26,2014
CRM-0000113,CIT-00000463,BUSINESS,0.69,2020
CRM-0000114,CRM-0000148,BUSINESS,0.6,2006
CRM-0000114,CRM-0000050,BUSINESS,0.14,2014
CRM-0000114,CIT-00002649,FRIEND,0.5,2015
CRM-0000114,CIT-00003962,FRIEND,0.96,2019
CRM-0000115,CRM-0000185,LOAN,0.52,2010
CRM-0000115,CIT-00000078,NEIGHBOUR,0.87,2019
CRM-0000115,CIT-00002429,FORMER_CELLMATE,0.23,2020
CRM-0000116,CRM-0000119,BUSINESS,0.1,2012
CRM-0000116,CIT-00002052,NEIGHBOUR,0.93,2017
CRM-0000116,CIT-00000250,FORMER_CELLMATE,0.4,2011
CRM-0000116,CIT-00001332,FRIEND,0.94,2010
CRM-0000117,CIT-00001503,BUSINESS,0.76,2015
CRM-0000117,CRM-0000216,BUSINESS,0.79,2007
CRM-0000117,CIT-00000918,FRIEND,0.93,2008
CRM-0000118,CIT-00003109,FORMER_CELLMATE,0.72,2006
CRM-0000118,CIT-00003731,NEIGHBOUR,0.12,2009
CRM-0000118,CIT-00002112,FORMER_CELLMATE,0.12,2012
CRM-0000118,CRM-0000001,LOAN,0.73,2017
CRM-0000118,CRM-0000051,FORMER_CELLMATE,0.79,2020
CRM-0000119,CIT-00001085,FRIEND,0.89,2014
CRM-0000119,CIT-00000687,FRIEND,0.45,2010
CRM-0000119,CIT-00001977,FORMER_CELLMATE,0.19,2018
CRM-0000119,CIT-00003070,LOAN,0.17,2012
CRM-0000120,CRM-0000213,LOAN,0.41,2018
CRM-0000120,CIT-00004195,FRIEND,0.57,2017
CRM-0000120,CIT-00004478,LOAN,0.29,2019
CRM-0000120,CRM-0000129,LOAN,0.46,2015
CRM-0000120,CIT-00004566,NEIGHBOUR,0.42,2020
CRM-0000120,CRM-0000127,LOAN,0.65,2006
CRM-0000121,CIT-00001017,BUSINESS,0.58,2013
CRM-0000121,CIT-00002170,FORMER_CELLMATE,0.78,2006
CRM-0000121,CIT-00004972,NEIGHBOUR,0.28,2013
CRM-0000121,CIT-00001534,FORMER_CELLMATE,0.68,2008
CRM-0000122,CIT-00002467,FORMER_CELLMATE,0.25,2006
CRM-0000122,CIT-00000691,FRIEND,0.93,2007
CRM-0000122,CIT-00002490,FAMILY,0.37,2015
CRM-0000123,CIT-00003554,LOAN,0.71,2010
CRM-0000123,CIT-00003549,LOAN,0.56,2017
CRM-0000123,CIT-00004194,FORMER_CELLMATE,0.95,2007
CRM-0000123,CIT-00001593,BUSINESS,0.43,2014
CRM-0000123,CIT-00000252,FORMER_CELLMATE,0.49,2018
CRM-0000123,CRM-0000068,LOAN,0.29,2008
CRM-0000124,CRM-0000171,BUSINESS,0.83,2013
CRM-0000124,CIT-00003565,NEIGHBOUR,0.91,2006
CRM-0000124,CIT-00004942,BUSINESS,0.44,2020
CRM-0000124,CIT-00002834,FAMILY,0.42,2006
CRM-0000124,CRM-0000232,FRIEND,0.77,2014
CRM-0000124,CIT-00003432,NEIGHBOUR,0.4,2015
CRM-0000125,CIT-00000163,FAMILY,0.28,2012
CRM-0000125,CIT-00001518,FORMER_CELLMATE,0.87,2017
CRM-0000125,CIT-00000005,LOAN,0.55,2006
CRM-0000125,CIT-00001945,FAMILY,0.83,2020
CRM-0000126,CRM-0000021,BUSINESS,0.77,2020
CRM-0000126,CIT-00000983,LOAN,0.71,2010
CRM-0000126,CRM-0000140,FRIEND,0.19,2018
CRM-0000126,CIT-00001182,FORMER_CELLMATE,0.27,2007
CRM-0000127,CRM-0000018,LOAN,0.57,2015
CRM-0000127,CIT-00002170,FAMILY,0.96,2014
CRM-0000127,CIT-00001253,FORMER_CELLMATE,0.51,2011
CRM-0000127,CRM-0000053,FORMER_CELLMATE,0.61,2017
CRM-0000127,CIT-00000327,LOAN,0.12,2020
CRM-0000127,CIT-00003772,BUSINESS,0.66,2007
CRM-0000128,CRM-0000135,LOAN,0.5,2014
CRM-0000128,CIT-00000559,FRIEND,0.88,2014
CRM-0000128,CIT-00000203,BUSINESS,0.98,2019
CRM-0000128,CIT-00000706,FRIEND,0.75,2019
CRM-0000129,CRM-0000187,LOAN,0.82,2020
CRM-0000129,CIT-00003437,NEIGHBOUR,0.17,2013
CRM-0000129,CIT-00000599,NEIGHBOUR,0.2,2011
CRM-0000130,CIT-00002257,FORMER_CELLMATE,0.98,2020
CRM-0000130,CIT-00004442,BUSINESS,0.79,2009
CRM-0000130,CIT-00002244,FAMILY,0.43,2011
CRM-0000130,CIT-00004278,FAMILY,0.77,2016
CRM-0000130,CRM-0000090,FRIEND,0.95,2006
CRM-0000131,CIT-00004623,FORMER_CELLMATE,0.28,2012
CRM-0000131,CIT-00002190,NEIGHBOUR,0.91,2011
CRM-0000131,CIT-00004033,FRIEND,0.75,2018
CRM-0000131,CIT-00004375,BUSINESS,0.8,2006
CRM-0000132,CIT-00001861,BUSINESS,0.3,2014
CRM-0000132,CIT-00001095,FORMER_CELLMATE,0.5,2008
CRM-0000132,CIT-00003543,FAMILY,0.77,2007
CRM-0000132,CIT-00004880,FORMER_CELLMATE,0.78,2008
CRM-0000132,CIT-00004592,FORMER_CELLMATE,0.59,2008
CRM-0000132,CIT-00000294,FAMILY,0.32,2006
CRM-0000133,CIT-00000535,LOAN,0.13,2015
CRM-0000133,CIT-00000136,FAMILY,0.82,2011
CRM-0000134,CRM-0000199,LOAN,0.46,2007
CRM-0000134,CRM-0000109,BUSINESS,0.98,2017
CRM-0000134,CIT-00003735,NEIGHBOUR,0.59,2015
CRM-0000135,CIT-00000925,FAMILY,0.22,2020
CRM-0000135,CRM-0000018,LOAN,0.69,2008
CRM-0000135,CIT-00004355,NEIGHBOUR,0.44,2008
CRM-0000135,CIT-00004768,FAMILY,0.95,2014
CRM-0000135,CRM-0000098,LOAN,0.43,2018
CRM-0000136,CRM-0000151,FRIEND,0.72,2011
CRM-0000136,CIT-00000117,LOAN,0.42,2017
CRM-0000136,CRM-0000125,FRIEND,0.12,2006
CRM-0000137,CIT-00004772,FRIEND,0.56,2010
CRM-0000137,CIT-00001882,FRIEND,0.2,2009
CRM-0000137,CIT-00001681,FRIEND,0.81,2016
CRM-0000137,CIT-00004286,BUSINESS,0.68,2016
CRM-0000137,CRM-0000225,BUSINESS,0.59,2013
CRM-0000138,CIT-00004855,FAMILY,0.15,2012
CRM-0000138,CIT-00000589,BUSINESS,0.2,2007
CRM-0000138,CRM-0000150,BUSINESS,0.18,2016
CRM-0000138,CIT-00002289,FAMILY,0.19,2010
CRM-0000138,CRM-0000135,LOAN,0.3,2007
CRM-0000138,CIT-00001617,LOAN,0.25,2016
CRM-0000139,CIT-00000076,FORMER_CELLMATE,0.23,2015
CRM-0000139,CIT-00000794,FORMER_CELLMATE,0.32,2013
CRM-0000140,CIT-00002737,FAMILY,0.24,2012
CRM-0000140,CIT-00004330,LOAN,0.39,2017
CRM-0000140,CRM-0000224,BUSINESS,0.87,2019
CRM-0000140,CRM-0000050,FRIEND,0.7,2013
CRM-0000140,CIT-00002248,FAMILY,0.79,2017
CRM-0000141,CIT-00000530,BUSINESS,0.65,2011
CRM-0000141,CRM-0000037,FRIEND,0.41,2011
CRM-0000141,CIT-00000945,BUSINESS,0.89,2007
CRM-0000141,CRM-0000143,LOAN,0.89,2018
CRM-0000142,CIT-00002990,LOAN,0.81,2018
CRM-0000142,CRM-0000221,FRIEND,0.43,2011
CRM-0000143,CIT-00004111,BUSINESS,0.2,2014
CRM-0000143,CIT-00000212,LOAN,0.64,2018
CRM-0000143,CIT-00002139,FRIEND,0.68,2016
CRM-0000143,CIT-00003984,NEIGHBOUR,0.19,2006
CRM-0000144,CIT-00004605,BUSINESS,0.37,2012
CRM-0000144,CIT-00002186,FORMER_CELLMATE,1.0,2008
CRM-0000144,CRM-0000123,FORMER_CELLMATE,0.15,2006
CRM-0000144,CIT-00004420,NEIGHBOUR,0.7,2020
CRM-0000144,CIT-00003974,NEIGHBOUR,0.23,2010
CRM-0000144,CIT-00002681,BUSINESS,0.83,2018
CRM-0000145,CIT-00000959,NEIGHBOUR,0.9,2014
CRM-0000145,CIT-00002213,LOAN,0.55,2017
CRM-0000145,CIT-00003526,FRIEND,0.19,2020
CRM-0000145,CIT-00001394,NEIGHBOUR,0.76,2008
CRM-0000145,CRM-0000071,FRIEND,0.44,2016
CRM-0000145,CIT-00003694,FRIEND,0.72,2007
CRM-0000146,CIT-00002763,BUSINESS,0.66,2014
CRM-0000146,CRM-0000170,FORMER_CELLMATE,0.68,2011
CRM-0000146,CRM-0000065,LOAN,0.21,2012
CRM-0000146,CRM-0000183,LOAN,0.28,2007
CRM-0000147,CIT-00003523,BUSINESS,0.49,2010
CRM-0000147,CRM-0000220,LOAN,0.87,2014
CRM-0000147,CIT-00000792,FRIEND,0.99,2020
CRM-0000148,CIT-00004086,LOAN,0.52,2008
CRM-0000148,CRM-0000030,LOAN,0.51,2020
CRM-0000149,CIT-00004946,FAMILY,0.24,2014
CRM-0000149,CIT-00002141,NEIGHBOUR,0.77,2016
CRM-0000149,CRM-0000001,FRIEND,0.94,2009
CRM-0000150,CIT-00002250,NEIGHBOUR,0.91,2007
CRM-0000150,CIT-00004546,FORMER_CELLMATE,0.15,2010
CRM-0000150,CRM-0000238,BUSINESS,0.47,2010
CRM-0000150,CIT-00004694,LOAN,0.92,2010
CRM-0000150,CIT-00002899,FORMER_CELLMATE,0.81,2007
CRM-0000150,CIT-00001267,FAMILY,0.57,2020
CRM-0000151,CIT-00004279,FRIEND,0.15,2015
CRM-0000151,CIT-00000977,LOAN,0.43,2020
CRM-0000152,CIT-00000992,FRIEND,0.96,2008
CRM-0000152,CRM-0000077,LOAN,0.92,2010
CRM-0000152,CIT-00004517,FRIEND,0.49,2018
CRM-0000152,CIT-00001168,BUSINESS,0.44,2010
CRM-0000152,CRM-0000071,FRIEND,0.22,2009
CRM-0000152,CIT-00002985,LOAN,0.44,2008
CRM-0000153,CIT-00003802,LOAN,0.39,2009
CRM-0000153,CIT-00000541,LOAN,0.54,2011
CRM-0000153,CRM-0000113,FORMER_CELLMATE,0.86,2014
CRM-0000153,CIT-00003396,FORMER_CELLMATE,0.85,2016
CRM-0000153,CIT-00004016,BUSINESS,0.99,2016
CRM-0000153,CIT-00001463,LOAN,0.45,2011
CRM-0000154,CIT-00000587,LOAN,0.76,2013
CRM-0000154,CRM-0000042,LOAN,0.22,2010
CRM-0000154,CIT-00003087,FORMER_CELLMATE,0.63,2010
CRM-0000154,CIT-00001844,FAMILY,0.81,2014
CRM-0000154,CIT-00000052,LOAN,0.85,2019
CRM-0000154,CIT-00004062,BUSINESS,0.42,2018
CRM-0000155,CIT-00001919,BUSINESS,0.62,2014
CRM-0000155,CIT-00004977,NEIGHBOUR,0.91,2012
CRM-0000155,CIT-00002638,FORMER_CELLMATE,0.48,2019
CRM-0000155,CIT-00000469,LOAN,0.26,2010
CRM-0000155,CRM-0000116,FORMER_CELLMATE,0.77,2010
CRM-0000156,CIT-00002004,FORMER_CELLMATE,0.31,2009
CRM-0000156,CIT-00003381,FRIEND,0.23,2016
CRM-0000156,CRM-0000108,BUSINESS,0.99,2012
CRM-0000156,CIT-00002207,LOAN,0.48,2016
CRM-0000156,CIT-00004510,FORMER_CELLMATE,0.7,2007
CRM-0000157,CIT-00001540,FORMER_CELLMATE,0.6,2019
CRM-0000157,CIT-00002253,NEIGHBOUR,0.73,2007
CRM-0000157,CIT-00004240,FORMER_CELLMATE,0.42,2007
CRM-0000158,CIT-00002933,LOAN,0.75,2009
CRM-0000158,CIT-00004245,NEIGHBOUR,0.87,2007
CRM-0000158,CRM-0000115,LOAN,0.89,2020
CRM-0000158,CIT-00004900,FAMILY,0.67,2014
CRM-0000159,CIT-00003845,FORMER_CELLMATE,0.67,2007
CRM-0000159,CIT-00003076,BUSINESS,0.43,2014
CRM-0000159,CIT-00003077,LOAN,0.87,2010
CRM-0000159,CIT-00002117,FORMER_CELLMATE,0.73,2009
CRM-0000159,CRM-0000024,LOAN,0.81,2008
CRM-0000159,CRM-0000006,BUSINESS,0.75,2015
CRM-0000160,CIT-00001206,BUSINESS,0.79,2012
CRM-0000160,CRM-0000182,BUSINESS,0.93,2016
CRM-0000160,CIT-00004777,NEIGHBOUR,0.92,2013
CRM-0000160,CIT-00002853,FORMER_CELLMATE,0.39,2013
CRM-0000160,CIT-00000641,LOAN,0.35,2015
CRM-0000161,CRM-0000179,FRIEND,0.33,2014
CRM-0000161,CIT-00004644,FAMILY,0.15,2013
CRM-0000162,CRM-0000101,BUSINESS,0.4,2007
CRM-0000162,CRM-0000195,FRIEND,0.61,2009
CRM-0000162,CIT-00001244,FORMER_CELLMATE,0.11,2012
CRM-0000162,CRM-0000044,FRIEND,0.68,2017
CRM-0000162,CIT-00003732,FORMER_CELLMATE,0.18,2010
CRM-0000162,CRM-0000072,FORMER_CELLMATE,0.96,2007
CRM-0000163,CIT-00002242,LOAN,0.91,2013
CRM-0000163,CIT-00000802,BUSINESS,0.35,2018
CRM-0000164,CIT-00002033,FORMER_CELLMATE,0.15,2016
CRM-0000164,CIT-00003203,LOAN,0.89,2009
CRM-0000165,CIT-00004538,LOAN,0.99,2008
CRM-0000165,CRM-0000062,LOAN,0.61,2016
CRM-0000165,CRM-0000139,BUSINESS,0.85,2014
CRM-0000165,CIT-00000091,FORMER_CELLMATE,0.65,2016
CRM-0000165,CIT-00003235,FRIEND,0.69,2009
CRM-0000166,CIT-00001096,LOAN,1.0,2007
CRM-0000166,CIT-00000311,BUSINESS,0.72,2007
CRM-0000166,CIT-00000480,FRIEND,0.2,2013
CRM-0000166,CIT-00000933,LOAN,0.53,2017
CRM-0000166,CIT-00001143,FAMILY,0.34,2011
CRM-0000166,CIT-00001239,BUSINESS,0.74,2017
CRM-0000167,CRM-0000141,LOAN,0.62,2012
CRM-0000167,CIT-00003581,FAMILY,0.44,2018
CRM-0000167,CRM-0000154,BUSINESS,0.61,2017
CRM-0000167,CIT-00001107,FORMER_CELLMATE,0.88,2008
CRM-0000167,CIT-00001492,FAMILY,0.76,2007
CRM-0000168,CIT-00000920,LOAN,0.24,2020
CRM-0000168,CIT-00004133,FRIEND,0.18,2007
CRM-0000168,CIT-00002942,FRIEND,0.22,2015
CRM-0000168,CIT-00004286,NEIGHBOUR,0.36,2014
CRM-0000169,CRM-0000090,FORMER_CELLMATE,0.7,2013
CRM-0000169,CIT-00000327,LOAN,0.17,2009
CRM-0000169,CIT-00002080,FAMILY,0.6,2007
CRM-0000169,CRM-0000040,BUSINESS,0.64,2007
CRM-0000170,CIT-00003431,FORMER_CELLMATE,0.13,2014
CRM-0000170,CIT-00001351,FORMER_CELLMATE,0.84,2019
CRM-0000170,CIT-00000322,FRIEND,0.88,2015
CRM-0000170,CRM-0000243,BUSINESS,0.32,2016
CRM-0000170,CIT-00001179,FAMILY,0.34,2019
CRM-0000170,CRM-0000192,BUSINESS,0.11,2013
CRM-0000171,CIT-00004400,FAMILY,0.8,2015
CRM-0000171,CIT-00004301,LOAN,0.3,2020
CRM-0000171,CRM-0000079,FORMER_CELLMATE,0.34,2009
CRM-0000172,CIT-00003011,FRIEND,0.69,2016
CRM-0000172,CIT-00004457,FORMER_CELLMATE,0.35,2013
CRM-0000172,CIT-00000954,FAMILY,0.83,2015
CRM-0000172,CRM-0000187,BUSINESS,0.77,2017
CRM-0000172,CIT-00001224,FORMER_CELLMATE,0.79,2006
CRM-0000173,CIT-00001595,FRIEND,0.52,2015
CRM-0000173,CRM-0000130,LOAN,0.21,2013
CRM-0000173,CIT-00000676,FRIEND,0.99,2012
CRM-0000174,CIT-00004819,FRIEND,0.27,2013
CRM-0000174,CIT-00000049,LOAN,0.16,2008
CRM-0000175,CIT-00001837,LOAN,0.8,2013
CRM-0000175,CIT-00000209,FAMILY,0.19,2010
CRM-0000175,CIT-00004296,FORMER_CELLMATE,0.73,2011
CRM-0000176,CIT-00000783,NEIGHBOUR,0.37,2018
CRM-0000176,CIT-00000558,FRIEND,0.46,2018
CRM-0000176,CIT-00002571,FRIEND,0.52,2020
CRM-0000176,CIT-00002223,FORMER_CELLMATE,0.77,2007
CRM-0000176,CIT-00000424,FRIEND,0.54,2006
CRM-0000177,CIT-00002621,BUSINESS,0.88,2019
CRM-0000177,CIT-00002315,NEIGHBOUR,0.75,2020
CRM-0000178,CIT-00001752,LOAN,0.4,2016
CRM-0000178,CIT-00000278,FRIEND,0.15,2009
CRM-0000178,CIT-00004049,BUSINESS,0.48,2015
CRM-0000179,CIT-00002788,NEIGHBOUR,0.81,2017
CRM-0000179,CRM-0000083,FRIEND,0.13,2016
CRM-0000179,CIT-00001228,BUSINESS,0.25,2006
CRM-0000179,CIT-00000422,BUSINESS,0.68,2019
CRM-0000180,CIT-00002343,FAMILY,0.65,2013
CRM-0000180,CIT-00002775,LOAN,0.83,2018
CRM-0000180,CIT-00000741,BUSINESS,0.2,2010
CRM-0000180,CIT-00003017,NEIGHBOUR,0.56,2009
CRM-0000181,CIT-00000719,BUSINESS,0.53,2017
CRM-0000181,CIT-00004673,LOAN,0.75,2019
CRM-0000181,CIT-00004241,FRIEND,0.19,2013
CRM-0000181,CIT-00001477,BUSINESS,0.68,2013
CRM-0000181,CIT-00000361,BUSINESS,0.85,2016
CRM-0000181,CIT-00001968,NEIGHBOUR,0.12,2012
CRM-0000182,CIT-00001720,FRIEND,0.98,2016
CRM-0000182,CIT-00001894,NEIGHBOUR,0.24,2006
CRM-0000182,CRM-0000023,LOAN,0.8,2013
CRM-0000182,CIT-00000537,FAMILY,0.67,2009
CRM-0000182,CIT-00000927,NEIGHBOUR,0.29,2012
CRM-0000182,CIT-00001507,FAMILY,0.56,2008
CRM-0000183,CIT-00003777,BUSINESS,0.93,2009
CRM-0000183,CIT-00004607,FRIEND,0.33,2011
CRM-0000183,CRM-0000112,FORMER_CELLMATE,0.8,2007
CRM-0000183,CIT-00000408,FORMER_CELLMATE,0.62,2019
CRM-0000184,CIT-00000241,FAMILY,0.42,2019
CRM-0000184,CIT-00003033,LOAN,0.24,2008
CRM-0000185,CRM-0000043,BUSINESS,0.77,2014
CRM-0000185,CIT-00004289,FRIEND,0.56,2013
CRM-0000185,CRM-0000007,FRIEND,0.1,2008
CRM-0000185,CIT-00001190,FRIEND,0.62,2010
CRM-0000186,CIT-00000391,LOAN,0.35,2014
CRM-0000186,CIT-00004129,BUSINESS,0.58,2016
CRM-0000186,CIT-00001402,LOAN,0.42,2006
CRM-0000186,CIT-00004578,NEIGHBOUR,0.56,2007
CRM-0000186,CRM-0000226,FRIEND,0.99,2007
CRM-0000186,CIT-00002686,NEIGHBOUR,0.16,2012
CRM-0000187,CIT-00001656,FAMILY,0.64,2008
CRM-0000187,CRM-0000042,FRIEND,0.24,2008
CRM-0000187,CIT-00004168,FORMER_CELLMATE,0.16,2006
CRM-0000187,CRM-0000133,FORMER_CELLMATE,0.25,2010
CRM-0000188,CRM-0000201,LOAN,0.7,2020
CRM-0000188,CIT-00004542,NEIGHBOUR,0.96,2016
CRM-0000188,CIT-00001047,FORMER_CELLMATE,0.2,2011
CRM-0000189,CIT-00000034,NEIGHBOUR,0.44,2013
CRM-0000189,CIT-00000805,FORMER_CELLMATE,0.71,2015
CRM-0000189,CIT-00003769,BUSINESS,0.26,2013
CRM-0000190,CIT-00002109,BUSINESS,0.41,2006
CRM-0000190,CRM-0000098,BUSINESS,0.23,2010
CRM-0000190,CIT-00002375,LOAN,0.98,2009
CRM-0000191,CRM-0000217,BUSINESS,0.66,2007
CRM-0000191,CRM-0000160,FORMER_CELLMATE,0.32,2014
CRM-0000191,CRM-0000143,FRIEND,0.13,2013
CRM-0000191,CIT-00004562,FAMILY,0.48,2020
CRM-0000192,CRM-0000212,BUSINESS,0.35,2015
CRM-0000192,CRM-0000184,BUSINESS,0.75,2008
CRM-0000193,CIT-00003186,FAMILY,0.39,2007
CRM-0000193,CRM-0000224,BUSINESS,0.64,2018
CRM-0000193,CIT-00002776,LOAN,0.84,2018
CRM-0000193,CIT-00002864,FORMER_CELLMATE,0.42,2007
CRM-0000194,CIT-00002819,NEIGHBOUR,0.59,2010
CRM-0000194,CIT-00001368,LOAN,0.43,2017
CRM-0000195,CIT-00002671,NEIGHBOUR,0.36,2010
CRM-0000195,CIT-00000842,LOAN,0.3,2013
CRM-0000195,CIT-00000078,BUSINESS,0.57,2016
CRM-0000195,CIT-00002474,NEIGHBOUR,0.39,2012
CRM-0000196,CRM-0000095,BUSINESS,0.54,2015
CRM-0000196,CRM-0000158,LOAN,0.67,2006
CRM-0000196,CIT-00000052,LOAN,0.47,2013
CRM-0000196,CRM-0000080,BUSINESS,0.19,2020
CRM-0000196,CRM-0000023,BUSINESS,0.79,2007
CRM-0000197,CIT-00004213,LOAN,0.77,2006
CRM-0000197,CIT-00002638,FAMILY,0.34,2009
CRM-0000198,CIT-00001025,LOAN,0.83,2010
CRM-0000198,CIT-00001457,FRIEND,0.66,2011
CRM-0000198,CIT-00000391,BUSINESS,0.76,2012
CRM-0000199,CRM-0000209,BUSINESS,0.31,2013
CRM-0000199,CIT-00001283,NEIGHBOUR,0.51,2019
CRM-0000199,CIT-00000906,NEIGHBOUR,0.3,2013
CRM-0000199,CRM-0000130,BUSINESS,0.35,2010
CRM-0000199,CRM-0000060,LOAN,0.63,2015
CRM-0000199,CIT-00003963,NEIGHBOUR,0.63,2007
CRM-0000200,CIT-00001518,LOAN,0.11,2010
CRM-0000200,CIT-00002474,FAMILY,0.22,2007
CRM-0000200,CIT-00000617,FORMER_CELLMATE,0.78,2020
CRM-0000200,CIT-00000969,LOAN,0.44,2013
CRM-0000200,CRM-0000071,BUSINESS,0.47,2011
CRM-0000200,CRM-0000221,FRIEND,0.81,2012
CRM-0000201,CIT-00002460,BUSINESS,0.94,2009
CRM-0000201,CIT-00004373,FAMILY,0.41,2016
CRM-0000201,CRM-0000027,BUSINESS,0.36,2013
CRM-0000202,CIT-00001850,BUSINESS,0.71,2012
CRM-0000202,CIT-00004289,FORMER_CELLMATE,0.19,2008
CRM-0000203,CIT-00000549,FORMER_CELLMATE,0.82,2016
CRM-0000203,CIT-00001771,FORMER_CELLMATE,0.85,2014
CRM-0000203,CIT-00003911,LOAN,0.33,2007
CRM-0000203,CIT-00004699,BUSINESS,0.4,2009
CRM-0000204,CRM-0000130,FORMER_CELLMATE,0.75,2007
CRM-0000204,CIT-00003365,FRIEND,0.96,2015
CRM-0000205,CIT-00002402,LOAN,0.21,2020
CRM-0000205,CRM-0000087,LOAN,0.12,2017
CRM-0000206,CIT-00001433,LOAN,0.89,2017
CRM-0000206,CIT-00004784,FORMER_CELLMATE,0.77,2018
CRM-0000206,CRM-0000221,FORMER_CELLMATE,0.15,2006
CRM-0000206,CIT-00001402,FRIEND,0.88,2019
CRM-0000207,CIT-00001262,FAMILY,0.14,2007
CRM-0000207,CIT-00003974,FAMILY,0.61,2013
CRM-0000208,CIT-00004810,BUSINESS,0.38,2015
CRM-0000208,CIT-00000340,NEIGHBOUR,0.46,2009
CRM-0000208,CIT-00000685,NEIGHBOUR,0.9,2006
CRM-0000208,CRM-0000120,FORMER_CELLMATE,0.21,2017
CRM-0000208,CIT-00000571,FRIEND,0.71,2012
CRM-0000209,CIT-00001220,NEIGHBOUR,0.5,2011
CRM-0000209,CIT-00004222,FRIEND,0.94,2013
CRM-0000209,CRM-0000026,LOAN,0.22,2015
CRM-0000209,CIT-00002624,LOAN,0.86,2007
CRM-0000210,CIT-00001532,NEIGHBOUR,0.26,2012
CRM-0000210,CIT-00000909,LOAN,0.17,2010
CRM-0000210,CIT-00003941,BUSINESS,0.2,2013
CRM-0000210,CIT-00003599,FAMILY,0.2,2017
CRM-0000211,CIT-00000152,FRIEND,0.77,2014
CRM-0000211,CIT-00002932,NEIGHBOUR,0.85,2019
CRM-0000211,CIT-00004470,FAMILY,0.75,2017
CRM-0000211,CIT-00004169,NEIGHBOUR,0.29,2017
CRM-0000211,CRM-0000044,BUSINESS,0.49,2013
CRM-0000211,CIT-00000392,FRIEND,0.85,2020
CRM-0000212,CRM-0000039,BUSINESS,0.21,2018
CRM-0000212,CIT-00001071,LOAN,0.79,2017
CRM-0000212,CIT-00003985,NEIGHBOUR,0.42,2012
CRM-0000212,CIT-00002623,LOAN,0.75,2011
CRM-0000213,CIT-00000506,LOAN,0.18,2015
CRM-0000213,CIT-00003876,BUSINESS,0.28,2006
CRM-0000213,CIT-00004384,FORMER_CELLMATE,0.88,2007
CRM-0000213,CRM-0000156,FORMER_CELLMATE,0.81,2009
CRM-0000213,CRM-0000220,LOAN,0.81,2019
CRM-0000213,CIT-00002274,FAMILY,0.3,2009
CRM-0000214,CIT-00003468,FRIEND,0.92,2008
CRM-0000214,CIT-00003744,FORMER_CELLMATE,0.34,2012
CRM-0000214,CIT-00004145,FAMILY,0.21,2016
CRM-0000214,CRM-0000173,BUSINESS,0.61,2019
CRM-0000214,CIT-00001639,FORMER_CELLMATE,0.42,2019
CRM-0000214,CIT-00001385,FAMILY,0.36,2018
CRM-0000215,CIT-00003407,BUSINESS,0.92,2006
CRM-0000215,CRM-0000018,BUSINESS,0.56,2018
CRM-0000215,CRM-0000123,FORMER_CELLMATE,0.93,2015
CRM-0000215,CRM-0000104,BUSINESS,0.42,2009
CRM-0000215,CRM-0000054,BUSINESS,0.99,2016
CRM-0000215,CIT-00000996,BUSINESS,0.39,2013
CRM-0000216,CRM-0000133,LOAN,0.9,2019
CRM-0000216,CRM-0000197,LOAN,0.3,2007
CRM-0000216,CIT-00001574,LOAN,0.85,2016
CRM-0000216,CIT-00001851,BUSINESS,0.93,2018
CRM-0000216,CIT-00004666,FORMER_CELLMATE,0.49,2010
CRM-0000217,CIT-00004270,NEIGHBOUR,0.55,2007
CRM-0000217,CRM-0000111,LOAN,0.89,2007
CRM-0000217,CIT-00000886,LOAN,0.65,2015
CRM-0000218,CIT-00000501,FORMER_CELLMATE,0.95,2015
CRM-0000218,CIT-00000238,FRIEND,0.37,2011
CRM-0000218,CIT-00001778,BUSINESS,0.97,2009
CRM-0000218,CRM-0000000,BUSINESS,0.7,2019
CRM-0000218,CRM-0000054,LOAN,0.76,2017
CRM-0000218,CIT-00003643,NEIGHBOUR,0.42,2008
CRM-0000219,CIT-00004719,NEIGHBOUR,0.26,2015
CRM-0000219,CRM-0000241,LOAN,0.37,2006
CRM-0000219,CIT-00003721,BUSINESS,0.67,2017
CRM-0000219,CIT-00002964,LOAN,0.94,2010
CRM-0000219,CIT-00001632,BUSINESS,0.44,2010
CRM-0000219,CIT-00001336,LOAN,0.76,2007
CRM-0000220,CIT-00000730,FORMER_CELLMATE,0.27,2019
CRM-0000220,CRM-0000137,FRIEND,0.66,2014
CRM-0000221,CRM-0000076,FORMER_CELLMATE,0.52,2007
CRM-0000221,CIT-00004109,LOAN,0.91,2014
CRM-0000222,CIT-00002536,NEIGHBOUR,0.99,2009
CRM-0000222,CRM-0000185,LOAN,0.59,2015
CRM-0000222,CRM-0000181,FORMER_CELLMATE,0.76,2011
CRM-0000222,CIT-00000223,FRIEND,0.24,2007
CRM-0000222,CIT-00000239,LOAN,0.43,2013
CRM-0000222,CRM-0000185,FORMER_CELLMATE,0.15,2008
CRM-0000223,CIT-00000971,BUSINESS,0.95,2012
CRM-0000223,CIT-00004537,FORMER_CELLMATE,0.37,2014
CRM-0000223,CRM-0000159,FORMER_CELLMATE,0.18,2016
CRM-0000223,CIT-00002483,LOAN,0.38,2009
CRM-0000223,CIT-00003061,BUSINESS,0.68,2006
CRM-0000223,CIT-00004283,BUSINESS,0.29,2020
CRM-0000224,CRM-0000093,BUSINESS,0.83,2017
CRM-0000224,CIT-00003907,NEIGHBOUR,0.2,2015
CRM-0000224,CRM-0000103,FORMER_CELLMATE,0.29,2017
CRM-0000224,CIT-00003668,BUSINESS,0.35,2015
CRM-0000225,CIT-00004792,FORMER_CELLMATE,0.12,2014
CRM-0000225,CIT-00004766,BUSINESS,0.74,2017
CRM-0000225,CRM-0000145,FORMER_CELLMATE,0.48,2011
CRM-0000226,CIT-00002615,BUSINESS,0.94,2015
CRM-0000226,CIT-00004472,LOAN,0.44,2019
CRM-0000226,CIT-00000219,FAMILY,0.19,2019
CRM-0000227,CRM-0000177,LOAN,0.91,2010
CRM-0000227,CIT-00001109,BUSINESS,0.6,2006
CRM-0000227,CIT-00004960,LOAN,0.8,2012
CRM-0000227,CIT-00003503,LOAN,0.43,2019
CRM-0000228,CRM-0000005,LOAN,0.74,2008
CRM-0000228,CIT-00004648,FRIEND,0.38,2012
CRM-0000228,CIT-00002079,FAMILY,0.25,2013
CRM-0000228,CIT-00004855,FORMER_CELLMATE,0.47,2020
CRM-0000228,CIT-00000878,NEIGHBOUR,0.69,2016
CRM-0000229,CIT-00001698,FRIEND,0.82,2012
CRM-0000229,CRM-0000174,BUSINESS,0.18,2007
CRM-0000229,CRM-0000207,BUSINESS,0.71,2016
CRM-0000230,CIT-00001567,LOAN,0.8,2020
CRM-0000230,CRM-0000191,BUSINESS,0.89,2018
CRM-0000230,CRM-0000045,LOAN,0.12,2010
CRM-0000230,CIT-00001374,FORMER_CELLMATE,0.86,2017
CRM-0000230,CIT-00000949,FORMER_CELLMATE,0.94,2019
CRM-0000230,CIT-00004009,FAMILY,0.12,2008
CRM-0000231,CIT-00002238,NEIGHBOUR,0.36,2012
CRM-0000231,CIT-00003177,LOAN,0.77,2017
CRM-0000231,CIT-00001634,FAMILY,0.29,2018
CRM-0000231,CIT-00002426,LOAN,0.77,2019
CRM-0000232,CRM-0000190,LOAN,0.58,2007
CRM-0000232,CIT-00003048,FAMILY,0.54,2010
CRM-0000232,CIT-00001735,NEIGHBOUR,0.86,2015
CRM-0000232,CIT-00001550,FRIEND,0.68,2009
CRM-0000232,CIT-00004024,FRIEND,0.61,2020
CRM-0000232,CIT-00000943,BUSINESS,0.65,2014
CRM-0000233,CIT-00004413,FAMILY,0.62,2007
CRM-0000233,CIT-00002830,BUSINESS,0.96,2020
CRM-0000233,CIT-00004840,NEIGHBOUR,0.9,2006
CRM-0000233,CRM-0000154,LOAN,0.55,2018
CRM-0000234,CIT-00000224,BUSINESS,0.9,2007
CRM-0000234,CIT-00003119,LOAN,0.53,2013
CRM-0000234,CIT-00002620,NEIGHBOUR,0.99,2015
CRM-0000234,CIT-00002505,NEIGHBOUR,0.91,2018
CRM-0000234,CRM-0000006,FORMER_CELLMATE,0.69,2019
CRM-0000234,CRM-0000077,BUSINESS,0.59,2010
CRM-0000235,CIT-00003216,FORMER_CELLMATE,0.25,2006
CRM-0000235,CIT-00003391,FRIEND,0.41,2006
CRM-0000235,CIT-00003598,LOAN,0.52,2012
CRM-0000235,CRM-0000128,FRIEND,0.49,2014
CRM-0000235,CIT-00001415,FAMILY,0.64,2011
CRM-0000235,CIT-00000024,LOAN,0.26,2014
CRM-0000236,CIT-00004743,FAMILY,0.89,2013
CRM-0000236,CRM-0000201,FORMER_CELLMATE,0.88,2020
CRM-0000236,CIT-00004328,FAMILY,0.72,2012
CRM-0000236,CRM-0000187,LOAN,0.59,2014
CRM-0000237,CRM-0000154,FRIEND,0.45,2014
CRM-0000237,CIT-00004435,FORMER_CELLMATE,0.23,2008
CRM-0000237,CIT-00003649,FRIEND,0.89,2013
CRM-0000237,CRM-0000159,LOAN,0.92,2020
CRM-0000237,CIT-00003016,BUSINESS,0.6,2013
CRM-0000238,CIT-00000749,NEIGHBOUR,0.88,2007
CRM-0000238,CIT-00002952,FAMILY,0.62,2015
CRM-0000239,CIT-00002058,FRIEND,0.83,2006
CRM-0000239,CIT-00004602,FAMILY,0.31,2018
CRM-0000239,CIT-00003700,LOAN,0.43,2006
CRM-0000239,CIT-00001812,FRIEND,0.68,2010
CRM-0000239,CIT-00001610,LOAN,0.2,2011
CRM-0000240,CIT-00003217,FORMER_CELLMATE,0.47,2016
CRM-0000240,CIT-00003197,LOAN,0.82,2009
CRM-0000240,CIT-00002538,LOAN,0.46,2016
CRM-0000240,CIT-00004277,FORMER_CELLMATE,0.94,2017
CRM-0000240,CIT-00001825,FRIEND,0.25,2017
CRM-0000241,CRM-0000126,BUSINESS,0.25,2006
CRM-0000241,CIT-00003435,FORMER_CELLMATE,0.46,2008
CRM-0000242,CIT-00002750,FAMILY,0.87,2016
CRM-0000242,CRM-0000169,BUSINESS,0.83,2013
CRM-0000242,CIT-00002017,NEIGHBOUR,0.74,2013
CRM-0000243,CIT-00002791,LOAN,0.45,2017
CRM-0000243,CRM-0000012,LOAN,0.94,2012
CRM-0000244,CIT-00002132,BUSINESS,0.65,2019
CRM-0000244,CIT-00002643,BUSINESS,0.44,2020
CRM-0000244,CRM-0000040,BUSINESS,0.52,2018
CRM-0000244,CRM-0000013,FRIEND,0.19,2007
